crossover_rate_subtree,crossover_rate_node_level,mutation_rate,tournament_size,experiment,generation,test_score,population
0.5,0.1,0.4,8,0,0,-1391.9509075312722,40
0.5,0.1,0.4,8,0,1,-1391.9509075312722,40
0.5,0.1,0.4,8,0,2,-1391.9509075312722,40
0.5,0.1,0.4,8,0,3,-1486.2776564855149,40
0.5,0.1,0.4,8,0,4,-1489.3673487748306,40
0.5,0.1,0.4,8,0,5,-1391.9509075312722,40
0.5,0.1,0.4,8,0,6,-1391.9509075312722,40
0.5,0.1,0.4,8,0,7,-1398.2239841618457,40
0.5,0.1,0.4,8,0,8,-1391.9509075312722,40
0.5,0.1,0.4,8,0,9,-1398.2239841618457,40
0.5,0.1,0.4,8,0,10,-1168.4748644378453,40
0.5,0.1,0.4,8,0,11,-1168.4748644378453,40
0.5,0.1,0.4,8,0,12,-1742.810534274685,40
0.5,0.1,0.4,8,0,13,-905.0822822337531,40
0.5,0.1,0.4,8,0,14,-420.43084657417575,40
0.5,0.1,0.4,8,0,15,-458.40155142717094,40
0.5,0.1,0.4,8,0,16,-420.43084657417575,40
0.5,0.1,0.4,8,0,17,-420.43084657417575,40
0.5,0.1,0.4,8,0,18,-472.785314846381,40
0.5,0.1,0.4,8,0,19,-317.77835238243034,40
0.5,0.1,0.4,8,0,20,-332.74409823318814,40
0.5,0.1,0.4,8,0,21,-326.09415885984765,40
0.5,0.1,0.4,8,0,22,-443.8690086353216,40
0.5,0.1,0.4,8,0,23,-326.09415885984765,40
0.5,0.1,0.4,8,0,24,-307.5359198939434,40
0.5,0.1,0.4,8,0,25,-335.6040287759243,40
0.5,0.1,0.4,8,1,0,-1411.905500221856,40
0.5,0.1,0.4,8,1,1,-1391.9509075312722,40
0.5,0.1,0.4,8,1,2,-1391.9509075312722,40
0.5,0.1,0.4,8,1,3,-1507.9249626394258,40
0.5,0.1,0.4,8,1,4,-1398.3388876996678,40
0.5,0.1,0.4,8,1,5,-1525.1874224025,40
0.5,0.1,0.4,8,1,6,-912.7974439620839,40
0.5,0.1,0.4,8,1,7,-1426.267446744248,40
0.5,0.1,0.4,8,1,8,-912.3683745383232,40
0.5,0.1,0.4,8,1,9,-896.1474991585842,40
0.5,0.1,0.4,8,1,10,-890.8646219555401,40
0.5,0.1,0.4,8,1,11,-1246.7690076170466,40
0.5,0.1,0.4,8,1,12,-1018.2857368093696,40
0.5,0.1,0.4,8,1,13,-890.8646219555401,40
0.5,0.1,0.4,8,1,14,-896.5787795857602,40
0.5,0.1,0.4,8,1,15,-793.6870762712413,40
0.5,0.1,0.4,8,1,16,-1436.4739614602174,40
0.5,0.1,0.4,8,1,17,-878.1076214217153,40
0.5,0.1,0.4,8,1,18,-878.1076214217153,40
0.5,0.1,0.4,8,1,19,-1137.4194667926577,40
0.5,0.1,0.4,8,1,20,-763.8031736375618,40
0.5,0.1,0.4,8,1,21,-801.4319839661711,40
0.5,0.1,0.4,8,1,22,-763.8031736375618,40
0.5,0.1,0.4,8,1,23,-763.8031736375618,40
0.5,0.1,0.4,8,1,24,-1193.0784036410223,40
0.5,0.1,0.4,8,1,25,-1106.6837725113046,40
0.5,0.1,0.4,8,2,0,-1391.9509075312722,40
0.5,0.1,0.4,8,2,1,-1660.1201535487685,40
0.5,0.1,0.4,8,2,2,-2581.0965460830607,40
0.5,0.1,0.4,8,2,3,-1391.9509075312722,40
0.5,0.1,0.4,8,2,4,-1070.1292657810136,40
0.5,0.1,0.4,8,2,5,-1391.9509075312722,40
0.5,0.1,0.4,8,2,6,-671.579693797988,40
0.5,0.1,0.4,8,2,7,-671.579693797988,40
0.5,0.1,0.4,8,2,8,-849.7563456388337,40
0.5,0.1,0.4,8,2,9,-849.7563456388337,40
0.5,0.1,0.4,8,2,10,-849.7563456388337,40
0.5,0.1,0.4,8,2,11,-1074.6716700105324,40
0.5,0.1,0.4,8,2,12,-632.4430825463886,40
0.5,0.1,0.4,8,2,13,-632.4430825463886,40
0.5,0.1,0.4,8,2,14,-875.2602661927289,40
0.5,0.1,0.4,8,2,15,-1075.9949408655334,40
0.5,0.1,0.4,8,2,16,-1075.9949408655334,40
0.5,0.1,0.4,8,2,17,156.00446989591006,40
0.5,0.1,0.4,8,2,18,-264.2486587975101,40
0.5,0.1,0.4,8,2,19,115.25439095648849,40
0.5,0.1,0.4,8,2,20,-178.36086261166145,40
0.5,0.1,0.4,8,2,21,-303.8330892360593,40
0.5,0.1,0.4,8,2,22,115.25439095648849,40
0.5,0.1,0.4,8,2,23,-178.36086261166145,40
0.5,0.1,0.4,8,2,24,-435.2521051688808,40
0.5,0.1,0.4,8,2,25,34.107203274001506,40
0.5,0.1,0.4,8,3,0,-1391.9509075312722,40
0.5,0.1,0.4,8,3,1,-1391.9509075312722,40
0.5,0.1,0.4,8,3,2,-1391.9509075312722,40
0.5,0.1,0.4,8,3,3,-1406.4390068502848,40
0.5,0.1,0.4,8,3,4,-1391.9509075312722,40
0.5,0.1,0.4,8,3,5,-801.4780964187378,40
0.5,0.1,0.4,8,3,6,-801.4780964187378,40
0.5,0.1,0.4,8,3,7,-1061.6859534775128,40
0.5,0.1,0.4,8,3,8,-798.2201012085939,40
0.5,0.1,0.4,8,3,9,-801.4780964187378,40
0.5,0.1,0.4,8,3,10,-802.4787256335267,40
0.5,0.1,0.4,8,3,11,-798.2201012085939,40
0.5,0.1,0.4,8,3,12,-798.2201012085939,40
0.5,0.1,0.4,8,3,13,-801.4780964187378,40
0.5,0.1,0.4,8,3,14,-791.3574855578146,40
0.5,0.1,0.4,8,3,15,-791.3574855578146,40
0.5,0.1,0.4,8,3,16,-800.6163581077096,40
0.5,0.1,0.4,8,3,17,-798.2201012085939,40
0.5,0.1,0.4,8,3,18,-1135.628655225436,40
0.5,0.1,0.4,8,3,19,-767.0391239622068,40
0.5,0.1,0.4,8,3,20,-767.0391239622068,40
0.5,0.1,0.4,8,3,21,-762.6572975061395,40
0.5,0.1,0.4,8,3,22,-652.833200380263,40
0.5,0.1,0.4,8,3,23,-765.8537083200795,40
0.5,0.1,0.4,8,3,24,-652.833200380263,40
0.5,0.1,0.4,8,3,25,-652.833200380263,40
0.5,0.1,0.4,8,4,0,-1585.863082519462,40
0.5,0.1,0.4,8,4,1,-1391.9509075312722,40
0.5,0.1,0.4,8,4,2,-1386.4844141597011,40
0.5,0.1,0.4,8,4,3,-1409.6897079845962,40
0.5,0.1,0.4,8,4,4,-1392.4777699036558,40
0.5,0.1,0.4,8,4,5,-481.30683111912515,40
0.5,0.1,0.4,8,4,6,-481.30683111912515,40
0.5,0.1,0.4,8,4,7,-481.30683111912515,40
0.5,0.1,0.4,8,4,8,-379.6131137182532,40
0.5,0.1,0.4,8,4,9,-379.6131137182532,40
0.5,0.1,0.4,8,4,10,-613.4976319461684,40
0.5,0.1,0.4,8,4,11,-379.6131137182532,40
0.5,0.1,0.4,8,4,12,-613.4976319461684,40
0.5,0.1,0.4,8,4,13,-397.5668987791103,40
0.5,0.1,0.4,8,4,14,-406.4315553614233,40
0.5,0.1,0.4,8,4,15,-385.788044250952,40
0.5,0.1,0.4,8,4,16,-397.5668987791103,40
0.5,0.1,0.4,8,4,17,-397.5668987791103,40
0.5,0.1,0.4,8,4,18,-397.5668987791103,40
0.5,0.1,0.4,8,4,19,-440.54098809430974,40
0.5,0.1,0.4,8,4,20,-385.788044250952,40
0.5,0.1,0.4,8,4,21,-385.788044250952,40
0.5,0.1,0.4,8,4,22,-397.5668987791103,40
0.5,0.1,0.4,8,4,23,-397.5668987791103,40
0.5,0.1,0.4,8,4,24,-397.5668987791103,40
0.5,0.1,0.4,8,4,25,-397.5668987791103,40
0.5,0.3,0.4,8,0,0,-3643.104748866329,40
0.5,0.3,0.4,8,0,1,-736.7873710444696,40
0.5,0.3,0.4,8,0,2,-863.4410386293416,40
0.5,0.3,0.4,8,0,3,-736.7873710444696,40
0.5,0.3,0.4,8,0,4,-736.7873710444696,40
0.5,0.3,0.4,8,0,5,-407.2038261707211,40
0.5,0.3,0.4,8,0,6,-338.02059351319707,40
0.5,0.3,0.4,8,0,7,-310.57249014539764,40
0.5,0.3,0.4,8,0,8,-310.57249014539764,40
0.5,0.3,0.4,8,0,9,-411.489402144619,40
0.5,0.3,0.4,8,0,10,-263.7134249421071,40
0.5,0.3,0.4,8,0,11,-402.6064223128239,40
0.5,0.3,0.4,8,0,12,-404.56467730794566,40
0.5,0.3,0.4,8,0,13,292.4984582032962,40
0.5,0.3,0.4,8,0,14,296.58494963794374,40
0.5,0.3,0.4,8,0,15,296.58494963794374,40
0.5,0.3,0.4,8,0,16,-158.2608883898057,40
0.5,0.3,0.4,8,0,17,-108.32078604090685,40
0.5,0.3,0.4,8,0,18,90.10674689192886,40
0.5,0.3,0.4,8,0,19,-230.67228549280753,40
0.5,0.3,0.4,8,0,20,78.11478972503807,40
0.5,0.3,0.4,8,0,21,-210.06745787255443,40
0.5,0.3,0.4,8,0,22,-684.371481017683,40
0.5,0.3,0.4,8,0,23,-149.1734460634416,40
0.5,0.3,0.4,8,0,24,-684.371481017683,40
0.5,0.3,0.4,8,0,25,-144.51387907725407,40
0.5,0.3,0.4,8,1,0,-1391.9509075312722,40
0.5,0.3,0.4,8,1,1,-1391.9509075312722,40
0.5,0.3,0.4,8,1,2,-1392.4777699036558,40
0.5,0.3,0.4,8,1,3,-1391.9509075312722,40
0.5,0.3,0.4,8,1,4,-1162.2399595895545,40
0.5,0.3,0.4,8,1,5,-990.2496239366621,40
0.5,0.3,0.4,8,1,6,-990.2496239366621,40
0.5,0.3,0.4,8,1,7,-990.2496239366621,40
0.5,0.3,0.4,8,1,8,-990.2496239366621,40
0.5,0.3,0.4,8,1,9,-811.1146953528453,40
0.5,0.3,0.4,8,1,10,-811.1146953528453,40
0.5,0.3,0.4,8,1,11,-811.1146953528453,40
0.5,0.3,0.4,8,1,12,-672.5361978509637,40
0.5,0.3,0.4,8,1,13,-672.5361978509637,40
0.5,0.3,0.4,8,1,14,-672.5361978509637,40
0.5,0.3,0.4,8,1,15,-672.5361978509637,40
0.5,0.3,0.4,8,1,16,-672.5361978509637,40
0.5,0.3,0.4,8,1,17,-672.5361978509637,40
0.5,0.3,0.4,8,1,18,-1476.8311825258284,40
0.5,0.3,0.4,8,1,19,-672.5361978509637,40
0.5,0.3,0.4,8,1,20,-1476.8311825258284,40
0.5,0.3,0.4,8,1,21,-672.5361978509637,40
0.5,0.3,0.4,8,1,22,-1443.0039983434353,40
0.5,0.3,0.4,8,1,23,-672.5361978509637,40
0.5,0.3,0.4,8,1,24,-672.5361978509637,40
0.5,0.3,0.4,8,1,25,-914.0856011464723,40
0.5,0.3,0.4,8,2,0,-937.1871603825396,40
0.5,0.3,0.4,8,2,1,-937.1871603825396,40
0.5,0.3,0.4,8,2,2,-876.0358927472524,40
0.5,0.3,0.4,8,2,3,-876.0358927472524,40
0.5,0.3,0.4,8,2,4,-931.9205960112139,40
0.5,0.3,0.4,8,2,5,-795.0847081782646,40
0.5,0.3,0.4,8,2,6,-341.1544757144065,40
0.5,0.3,0.4,8,2,7,-802.6843687320498,40
0.5,0.3,0.4,8,2,8,-801.889980473893,40
0.5,0.3,0.4,8,2,9,-972.2665510473774,40
0.5,0.3,0.4,8,2,10,-566.1950821026412,40
0.5,0.3,0.4,8,2,11,-676.3123118127895,40
0.5,0.3,0.4,8,2,12,-662.5523852666511,40
0.5,0.3,0.4,8,2,13,-801.889980473893,40
0.5,0.3,0.4,8,2,14,-662.5523852666511,40
0.5,0.3,0.4,8,2,15,-909.269396181284,40
0.5,0.3,0.4,8,2,16,-909.269396181284,40
0.5,0.3,0.4,8,2,17,-1057.645825060165,40
0.5,0.3,0.4,8,2,18,-807.6239183421508,40
0.5,0.3,0.4,8,2,19,-807.6239183421508,40
0.5,0.3,0.4,8,2,20,-707.3768099191266,40
0.5,0.3,0.4,8,2,21,-902.2249734836734,40
0.5,0.3,0.4,8,2,22,-569.3790549389105,40
0.5,0.3,0.4,8,2,23,-1152.4772475902444,40
0.5,0.3,0.4,8,2,24,-1224.5549774222727,40
0.5,0.3,0.4,8,2,25,-1154.261257703975,40
0.5,0.3,0.4,8,3,0,-2044.3955709027273,40
0.5,0.3,0.4,8,3,1,-1391.9509075312722,40
0.5,0.3,0.4,8,3,2,-1391.9509075312722,40
0.5,0.3,0.4,8,3,3,-1459.3866615108625,40
0.5,0.3,0.4,8,3,4,-1255.520417918913,40
0.5,0.3,0.4,8,3,5,-1164.8092185134374,40
0.5,0.3,0.4,8,3,6,-1396.7732730991822,40
0.5,0.3,0.4,8,3,7,-1396.7732730991822,40
0.5,0.3,0.4,8,3,8,-1396.7732730991822,40
0.5,0.3,0.4,8,3,9,-1302.3479597259445,40
0.5,0.3,0.4,8,3,10,-1110.97941317516,40
0.5,0.3,0.4,8,3,11,-1302.3479597259445,40
0.5,0.3,0.4,8,3,12,-1655.4231781601995,40
0.5,0.3,0.4,8,3,13,-1247.4457387887142,40
0.5,0.3,0.4,8,3,14,-1239.2215544142136,40
0.5,0.3,0.4,8,3,15,-1046.3929148981342,40
0.5,0.3,0.4,8,3,16,-938.0967741753335,40
0.5,0.3,0.4,8,3,17,-1124.3257889815613,40
0.5,0.3,0.4,8,3,18,-1121.56949670023,40
0.5,0.3,0.4,8,3,19,-1121.56949670023,40
0.5,0.3,0.4,8,3,20,-885.3887498342998,40
0.5,0.3,0.4,8,3,21,-1125.2961478795494,40
0.5,0.3,0.4,8,3,22,-1272.7625533375333,40
0.5,0.3,0.4,8,3,23,-1125.2961478795494,40
0.5,0.3,0.4,8,3,24,-1121.56949670023,40
0.5,0.3,0.4,8,3,25,-1121.56949670023,40
0.5,0.3,0.4,8,4,0,-1518.442256281032,40
0.5,0.3,0.4,8,4,1,-1518.442256281032,40
0.5,0.3,0.4,8,4,2,-918.6532063249106,40
0.5,0.3,0.4,8,4,3,-918.6532063249106,40
0.5,0.3,0.4,8,4,4,-918.6532063249106,40
0.5,0.3,0.4,8,4,5,-918.6532063249106,40
0.5,0.3,0.4,8,4,6,-666.1561240928529,40
0.5,0.3,0.4,8,4,7,-274.3581251146291,40
0.5,0.3,0.4,8,4,8,-630.8364932231594,40
0.5,0.3,0.4,8,4,9,-45.60106281391303,40
0.5,0.3,0.4,8,4,10,-45.60106281391303,40
0.5,0.3,0.4,8,4,11,-45.60106281391303,40
0.5,0.3,0.4,8,4,12,-609.6736783350043,40
0.5,0.3,0.4,8,4,13,-45.60106281391303,40
0.5,0.3,0.4,8,4,14,-45.60106281391303,40
0.5,0.3,0.4,8,4,15,-45.60106281391303,40
0.5,0.3,0.4,8,4,16,-43.57725159782112,40
0.5,0.3,0.4,8,4,17,-43.57725159782112,40
0.5,0.3,0.4,8,4,18,-43.57725159782112,40
0.5,0.3,0.4,8,4,19,-1093.169173164641,40
0.5,0.3,0.4,8,4,20,-1093.169173164641,40
0.5,0.3,0.4,8,4,21,-43.57725159782112,40
0.5,0.3,0.4,8,4,22,-726.0315506540718,40
0.5,0.3,0.4,8,4,23,-726.0315506540718,40
0.5,0.3,0.4,8,4,24,-726.0315506540718,40
0.5,0.3,0.4,8,4,25,-726.0315506540718,40
0.5,0.5,0.4,8,0,0,-1482.264164612594,40
0.5,0.5,0.4,8,0,1,-1182.6162792022085,40
0.5,0.5,0.4,8,0,2,-1073.6311187127317,40
0.5,0.5,0.4,8,0,3,-1079.4555356834826,40
0.5,0.5,0.4,8,0,4,-1073.6311187127317,40
0.5,0.5,0.4,8,0,5,-749.8640911365994,40
0.5,0.5,0.4,8,0,6,-625.4575510363818,40
0.5,0.5,0.4,8,0,7,-357.9261095710759,40
0.5,0.5,0.4,8,0,8,-357.9261095710759,40
0.5,0.5,0.4,8,0,9,-31.69541078903781,40
0.5,0.5,0.4,8,0,10,-138.35301602709913,40
0.5,0.5,0.4,8,0,11,-31.69541078903781,40
0.5,0.5,0.4,8,0,12,146.8532096282596,40
0.5,0.5,0.4,8,0,13,13.906353353855508,40
0.5,0.5,0.4,8,0,14,-75.26570779458099,40
0.5,0.5,0.4,8,0,15,13.906353353855508,40
0.5,0.5,0.4,8,0,16,218.84860965613063,40
0.5,0.5,0.4,8,0,17,218.84860965613063,40
0.5,0.5,0.4,8,0,18,177.27618648011833,40
0.5,0.5,0.4,8,0,19,227.6794010604384,40
0.5,0.5,0.4,8,0,20,166.47928896407285,40
0.5,0.5,0.4,8,0,21,199.96951800821535,40
0.5,0.5,0.4,8,0,22,87.73519467087519,40
0.5,0.5,0.4,8,0,23,454.4177956124207,40
0.5,0.5,0.4,8,0,24,486.6957813729347,40
0.5,0.5,0.4,8,0,25,737.1808955095178,40
0.5,0.5,0.4,8,1,0,-2265.312990360237,40
0.5,0.5,0.4,8,1,1,-2265.312990360237,40
0.5,0.5,0.4,8,1,2,-876.4607814334363,40
0.5,0.5,0.4,8,1,3,-1120.74371605969,40
0.5,0.5,0.4,8,1,4,-1519.7468093525708,40
0.5,0.5,0.4,8,1,5,-1519.7468093525708,40
0.5,0.5,0.4,8,1,6,-399.1191217135654,40
0.5,0.5,0.4,8,1,7,-358.61229474887193,40
0.5,0.5,0.4,8,1,8,-364.78755007356915,40
0.5,0.5,0.4,8,1,9,-364.78755007356915,40
0.5,0.5,0.4,8,1,10,-316.9158154442707,40
0.5,0.5,0.4,8,1,11,-364.78755007356915,40
0.5,0.5,0.4,8,1,12,-314.802627108828,40
0.5,0.5,0.4,8,1,13,-315.3052914760887,40
0.5,0.5,0.4,8,1,14,-316.9158154442707,40
0.5,0.5,0.4,8,1,15,-316.95401209801634,40
0.5,0.5,0.4,8,1,16,-316.9158154442707,40
0.5,0.5,0.4,8,1,17,-271.73303706748584,40
0.5,0.5,0.4,8,1,18,-314.73139868623866,40
0.5,0.5,0.4,8,1,19,-239.5613046132019,40
0.5,0.5,0.4,8,1,20,-345.22144992994,40
0.5,0.5,0.4,8,1,21,-313.0505820575779,40
0.5,0.5,0.4,8,1,22,-349.138050326069,40
0.5,0.5,0.4,8,1,23,-324.70344357357834,40
0.5,0.5,0.4,8,1,24,-349.138050326069,40
0.5,0.5,0.4,8,1,25,-360.3454663806747,40
0.5,0.5,0.4,8,2,0,-919.5052477608197,40
0.5,0.5,0.4,8,2,1,-919.5052477608197,40
0.5,0.5,0.4,8,2,2,-1391.9509075312722,40
0.5,0.5,0.4,8,2,3,-857.3825336348552,40
0.5,0.5,0.4,8,2,4,-857.3825336348552,40
0.5,0.5,0.4,8,2,5,-857.3825336348552,40
0.5,0.5,0.4,8,2,6,-856.0268175054939,40
0.5,0.5,0.4,8,2,7,-857.3825336348552,40
0.5,0.5,0.4,8,2,8,-560.0144662830978,40
0.5,0.5,0.4,8,2,9,-282.0265621394992,40
0.5,0.5,0.4,8,2,10,-282.0265621394992,40
0.5,0.5,0.4,8,2,11,-282.0265621394992,40
0.5,0.5,0.4,8,2,12,-282.0265621394992,40
0.5,0.5,0.4,8,2,13,-164.9630014359658,40
0.5,0.5,0.4,8,2,14,-212.9456710132148,40
0.5,0.5,0.4,8,2,15,-525.6664868778794,40
0.5,0.5,0.4,8,2,16,-525.6664868778794,40
0.5,0.5,0.4,8,2,17,-2032.5451553043135,40
0.5,0.5,0.4,8,2,18,-643.8662141317288,40
0.5,0.5,0.4,8,2,19,-525.6664868778794,40
0.5,0.5,0.4,8,2,20,-525.6664868778794,40
0.5,0.5,0.4,8,2,21,-241.08623798603023,40
0.5,0.5,0.4,8,2,22,-241.08623798603023,40
0.5,0.5,0.4,8,2,23,-241.08623798603023,40
0.5,0.5,0.4,8,2,24,-1152.5998318131565,40
0.5,0.5,0.4,8,2,25,-1152.5998318131565,40
0.5,0.5,0.4,8,3,0,-1836.7957244419467,40
0.5,0.5,0.4,8,3,1,-1398.2239841618457,40
0.5,0.5,0.4,8,3,2,-1392.2681258897173,40
0.5,0.5,0.4,8,3,3,-1882.9611994903737,40
0.5,0.5,0.4,8,3,4,-1414.538410416182,40
0.5,0.5,0.4,8,3,5,-1393.022905476665,40
0.5,0.5,0.4,8,3,6,-1410.5387645693845,40
0.5,0.5,0.4,8,3,7,-1414.538410416182,40
0.5,0.5,0.4,8,3,8,-1394.2857543477232,40
0.5,0.5,0.4,8,3,9,-1253.681959115431,40
0.5,0.5,0.4,8,3,10,-1709.687675123816,40
0.5,0.5,0.4,8,3,11,-1404.286954683941,40
0.5,0.5,0.4,8,3,12,-1230.7206145362125,40
0.5,0.5,0.4,8,3,13,-1263.1617215518943,40
0.5,0.5,0.4,8,3,14,-1187.5261969695516,40
0.5,0.5,0.4,8,3,15,-1238.5529088973828,40
0.5,0.5,0.4,8,3,16,-1260.8456173567006,40
0.5,0.5,0.4,8,3,17,-1260.6924176015941,40
0.5,0.5,0.4,8,3,18,-1141.5522396883478,40
0.5,0.5,0.4,8,3,19,-1239.4979798603995,40
0.5,0.5,0.4,8,3,20,-1238.0594477211544,40
0.5,0.5,0.4,8,3,21,-1241.1147423323432,40
0.5,0.5,0.4,8,3,22,-1241.285874135819,40
0.5,0.5,0.4,8,3,23,-1241.1147423323432,40
0.5,0.5,0.4,8,3,24,-1270.0911687753896,40
0.5,0.5,0.4,8,3,25,-1303.916455941876,40
0.5,0.5,0.4,8,4,0,-1176.8891696364399,40
0.5,0.5,0.4,8,4,1,-1160.1020850681602,40
0.5,0.5,0.4,8,4,2,-1301.3902519254757,40
0.5,0.5,0.4,8,4,3,-1287.7268467428541,40
0.5,0.5,0.4,8,4,4,-1394.9142562484537,40
0.5,0.5,0.4,8,4,5,-1069.8554798037385,40
0.5,0.5,0.4,8,4,6,-727.5498834756231,40
0.5,0.5,0.4,8,4,7,-646.8725218795013,40
0.5,0.5,0.4,8,4,8,-675.3493789869465,40
0.5,0.5,0.4,8,4,9,-488.95229737517343,40
0.5,0.5,0.4,8,4,10,-651.2816649393429,40
0.5,0.5,0.4,8,4,11,-896.2054444684386,40
0.5,0.5,0.4,8,4,12,-220.48585390342637,40
0.5,0.5,0.4,8,4,13,-326.0525804607938,40
0.5,0.5,0.4,8,4,14,-428.43083047449846,40
0.5,0.5,0.4,8,4,15,-210.03582077636327,40
0.5,0.5,0.4,8,4,16,-266.2106582574342,40
0.5,0.5,0.4,8,4,17,-210.03582077636327,40
0.5,0.5,0.4,8,4,18,-597.4768122988072,40
0.5,0.5,0.4,8,4,19,-409.8060995747486,40
0.5,0.5,0.4,8,4,20,-409.8060995747486,40
0.5,0.5,0.4,8,4,21,-238.77729593203225,40
0.5,0.5,0.4,8,4,22,143.2401174207754,40
0.5,0.5,0.4,8,4,23,143.2401174207754,40
0.5,0.5,0.4,8,4,24,-212.51367210816971,40
0.5,0.5,0.4,8,4,25,143.2401174207754,40
0.5,0.7,0.4,8,0,0,-1391.9509075312722,40
0.5,0.7,0.4,8,0,1,-1391.9509075312722,40
0.5,0.7,0.4,8,0,2,-1396.5585949327037,40
0.5,0.7,0.4,8,0,3,-495.50048962422704,40
0.5,0.7,0.4,8,0,4,-495.50048962422704,40
0.5,0.7,0.4,8,0,5,-528.8349637392115,40
0.5,0.7,0.4,8,0,6,-528.8349637392115,40
0.5,0.7,0.4,8,0,7,-528.8349637392115,40
0.5,0.7,0.4,8,0,8,-661.671508855969,40
0.5,0.7,0.4,8,0,9,-528.8349637392115,40
0.5,0.7,0.4,8,0,10,-770.9158384326311,40
0.5,0.7,0.4,8,0,11,-1087.5813482142382,40
0.5,0.7,0.4,8,0,12,-518.8557188466136,40
0.5,0.7,0.4,8,0,13,-892.2203240388143,40
0.5,0.7,0.4,8,0,14,-780.2201033724562,40
0.5,0.7,0.4,8,0,15,-1436.9033005746992,40
0.5,0.7,0.4,8,0,16,-780.2201033724562,40
0.5,0.7,0.4,8,0,17,-1026.6191715185885,40
0.5,0.7,0.4,8,0,18,-867.7455117696278,40
0.5,0.7,0.4,8,0,19,-1051.585007851526,40
0.5,0.7,0.4,8,0,20,-469.4051621232262,40
0.5,0.7,0.4,8,0,21,-867.7455117696278,40
0.5,0.7,0.4,8,0,22,-890.6152197822639,40
0.5,0.7,0.4,8,0,23,-966.5683789088102,40
0.5,0.7,0.4,8,0,24,-1032.8963292448473,40
0.5,0.7,0.4,8,0,25,-489.6375886871958,40
0.5,0.7,0.4,8,1,0,-1799.8943429321127,40
0.5,0.7,0.4,8,1,1,-1364.6654226367427,40
0.5,0.7,0.4,8,1,2,-1112.660693505613,40
0.5,0.7,0.4,8,1,3,-1391.9509075312722,40
0.5,0.7,0.4,8,1,4,-1112.4351073214466,40
0.5,0.7,0.4,8,1,5,-1112.4351073214466,40
0.5,0.7,0.4,8,1,6,-1114.729129101659,40
0.5,0.7,0.4,8,1,7,-974.0119085443068,40
0.5,0.7,0.4,8,1,8,-1117.3648547486578,40
0.5,0.7,0.4,8,1,9,-1466.7068179751082,40
0.5,0.7,0.4,8,1,10,-982.913279019052,40
0.5,0.7,0.4,8,1,11,-982.913279019052,40
0.5,0.7,0.4,8,1,12,-2083.2024942419857,40
0.5,0.7,0.4,8,1,13,-712.70627697394,40
0.5,0.7,0.4,8,1,14,-1046.4590980654666,40
0.5,0.7,0.4,8,1,15,-782.4778599592149,40
0.5,0.7,0.4,8,1,16,-891.0653802082322,40
0.5,0.7,0.4,8,1,17,-870.7850960165276,40
0.5,0.7,0.4,8,1,18,-407.9109749524414,40
0.5,0.7,0.4,8,1,19,-230.39009740066047,40
0.5,0.7,0.4,8,1,20,-206.96046218882287,40
0.5,0.7,0.4,8,1,21,-353.07258700169086,40
0.5,0.7,0.4,8,1,22,-283.4911683654064,40
0.5,0.7,0.4,8,1,23,-413.14061697614517,40
0.5,0.7,0.4,8,1,24,-314.85213476375264,40
0.5,0.7,0.4,8,1,25,-283.4911683654064,40
0.5,0.7,0.4,8,2,0,-1445.2089754369526,40
0.5,0.7,0.4,8,2,1,-1445.2089754369526,40
0.5,0.7,0.4,8,2,2,-1385.7478400602602,40
0.5,0.7,0.4,8,2,3,-2461.0230376549985,40
0.5,0.7,0.4,8,2,4,-1392.4777699036558,40
0.5,0.7,0.4,8,2,5,-891.4889820429464,40
0.5,0.7,0.4,8,2,6,-528.2887665330121,40
0.5,0.7,0.4,8,2,7,-681.1684421987093,40
0.5,0.7,0.4,8,2,8,-681.1684421987093,40
0.5,0.7,0.4,8,2,9,-374.0147437072374,40
0.5,0.7,0.4,8,2,10,-305.9582064923126,40
0.5,0.7,0.4,8,2,11,-374.0147437072374,40
0.5,0.7,0.4,8,2,12,-239.10741879410293,40
0.5,0.7,0.4,8,2,13,-210.13274898209352,40
0.5,0.7,0.4,8,2,14,-221.72959561472032,40
0.5,0.7,0.4,8,2,15,-210.13274898209352,40
0.5,0.7,0.4,8,2,16,-108.02516036808254,40
0.5,0.7,0.4,8,2,17,-158.405111980224,40
0.5,0.7,0.4,8,2,18,-106.18961243976378,40
0.5,0.7,0.4,8,2,19,-195.69367370085854,40
0.5,0.7,0.4,8,2,20,-47.88380843448743,40
0.5,0.7,0.4,8,2,21,-370.42685315441713,40
0.5,0.7,0.4,8,2,22,-96.9531167629811,40
0.5,0.7,0.4,8,2,23,-119.34605584380074,40
0.5,0.7,0.4,8,2,24,-195.6802151700665,40
0.5,0.7,0.4,8,2,25,-199.92761521939138,40
0.5,0.7,0.4,8,3,0,-1397.7067479845678,40
0.5,0.7,0.4,8,3,1,-1395.3990619702372,40
0.5,0.7,0.4,8,3,2,-1203.9893365786177,40
0.5,0.7,0.4,8,3,3,-1114.3731240362208,40
0.5,0.7,0.4,8,3,4,-1391.9509075312722,40
0.5,0.7,0.4,8,3,5,-1396.03173256032,40
0.5,0.7,0.4,8,3,6,-1114.3731240362208,40
0.5,0.7,0.4,8,3,7,-1391.9509075312722,40
0.5,0.7,0.4,8,3,8,-1116.7714424029205,40
0.5,0.7,0.4,8,3,9,-1173.6708885474654,40
0.5,0.7,0.4,8,3,10,-1114.3731240362208,40
0.5,0.7,0.4,8,3,11,-1285.3726595561184,40
0.5,0.7,0.4,8,3,12,-1285.3726595561184,40
0.5,0.7,0.4,8,3,13,-1116.7714424029205,40
0.5,0.7,0.4,8,3,14,-1173.6708885474654,40
0.5,0.7,0.4,8,3,15,-1264.2222042406738,40
0.5,0.7,0.4,8,3,16,-1391.9509075312722,40
0.5,0.7,0.4,8,3,17,-1264.2222042406738,40
0.5,0.7,0.4,8,3,18,-1173.6708885474654,40
0.5,0.7,0.4,8,3,19,-1264.2222042406738,40
0.5,0.7,0.4,8,3,20,-1191.7506876348377,40
0.5,0.7,0.4,8,3,21,-1264.2222042406738,40
0.5,0.7,0.4,8,3,22,-1057.5358702554743,40
0.5,0.7,0.4,8,3,23,-1391.9509075312722,40
0.5,0.7,0.4,8,3,24,-880.4445120516934,40
0.5,0.7,0.4,8,3,25,-838.6410022186782,40
0.5,0.7,0.4,8,4,0,-1391.9509075312722,40
0.5,0.7,0.4,8,4,1,-1391.9509075312722,40
0.5,0.7,0.4,8,4,2,-1391.9509075312722,40
0.5,0.7,0.4,8,4,3,-1208.7887128711213,40
0.5,0.7,0.4,8,4,4,-1386.4844141597011,40
0.5,0.7,0.4,8,4,5,-1295.568208738829,40
0.5,0.7,0.4,8,4,6,-1075.3009403973863,40
0.5,0.7,0.4,8,4,7,-1053.4294450676352,40
0.5,0.7,0.4,8,4,8,-1075.3009403973863,40
0.5,0.7,0.4,8,4,9,-1075.3009403973863,40
0.5,0.7,0.4,8,4,10,-1075.3009403973863,40
0.5,0.7,0.4,8,4,11,-1096.1832710414228,40
0.5,0.7,0.4,8,4,12,-1096.1832710414228,40
0.5,0.7,0.4,8,4,13,-1096.1832710414228,40
0.5,0.7,0.4,8,4,14,-1096.1832710414228,40
0.5,0.7,0.4,8,4,15,-1096.1832710414228,40
0.5,0.7,0.4,8,4,16,-1096.1832710414228,40
0.5,0.7,0.4,8,4,17,-1096.1832710414228,40
0.5,0.7,0.4,8,4,18,-1096.1832710414228,40
0.5,0.7,0.4,8,4,19,-1111.2499940155276,40
0.5,0.7,0.4,8,4,20,-959.404093923833,40
0.5,0.7,0.4,8,4,21,-1004.3719102853511,40
0.5,0.7,0.4,8,4,22,-959.404093923833,40
0.5,0.7,0.4,8,4,23,-1004.3719102853511,40
0.5,0.7,0.4,8,4,24,-1004.3719102853511,40
0.5,0.7,0.4,8,4,25,-1004.3719102853511,40
0.5,0.9,0.4,8,0,0,-1392.4777699036558,40
0.5,0.9,0.4,8,0,1,-1391.9509075312722,40
0.5,0.9,0.4,8,0,2,-1391.9509075312722,40
0.5,0.9,0.4,8,0,3,-1234.3440640936515,40
0.5,0.9,0.4,8,0,4,-1265.589054415941,40
0.5,0.9,0.4,8,0,5,-1391.9509075312722,40
0.5,0.9,0.4,8,0,6,-1234.3440640936515,40
0.5,0.9,0.4,8,0,7,-1265.589054415941,40
0.5,0.9,0.4,8,0,8,-1072.9084117252792,40
0.5,0.9,0.4,8,0,9,-1391.9509075312722,40
0.5,0.9,0.4,8,0,10,-1234.3440640936515,40
0.5,0.9,0.4,8,0,11,-1234.3440640936515,40
0.5,0.9,0.4,8,0,12,-1256.9334654700995,40
0.5,0.9,0.4,8,0,13,-1059.373770289385,40
0.5,0.9,0.4,8,0,14,-1059.373770289385,40
0.5,0.9,0.4,8,0,15,-1059.373770289385,40
0.5,0.9,0.4,8,0,16,-1059.373770289385,40
0.5,0.9,0.4,8,0,17,-1059.373770289385,40
0.5,0.9,0.4,8,0,18,-1059.373770289385,40
0.5,0.9,0.4,8,0,19,-1059.373770289385,40
0.5,0.9,0.4,8,0,20,-1059.373770289385,40
0.5,0.9,0.4,8,0,21,-960.4473173642467,40
0.5,0.9,0.4,8,0,22,-1059.373770289385,40
0.5,0.9,0.4,8,0,23,-1059.373770289385,40
0.5,0.9,0.4,8,0,24,-1059.373770289385,40
0.5,0.9,0.4,8,0,25,-1059.373770289385,40
0.5,0.9,0.4,8,1,0,-1387.997781222679,40
0.5,0.9,0.4,8,1,1,-1391.9509075312722,40
0.5,0.9,0.4,8,1,2,-1509.4855987315098,40
0.5,0.9,0.4,8,1,3,-1372.1633171931264,40
0.5,0.9,0.4,8,1,4,718.3688621640802,40
0.5,0.9,0.4,8,1,5,1014.2821410854315,40
0.5,0.9,0.4,8,1,6,165.12975462634915,40
0.5,0.9,0.4,8,1,7,386.1547016015424,40
0.5,0.9,0.4,8,1,8,924.0009217540904,40
0.5,0.9,0.4,8,1,9,924.0009217540904,40
0.5,0.9,0.4,8,1,10,-2674.0418842786767,40
0.5,0.9,0.4,8,1,11,924.0009217540904,40
0.5,0.9,0.4,8,1,12,903.0678898456976,40
0.5,0.9,0.4,8,1,13,924.0009217540904,40
0.5,0.9,0.4,8,1,14,924.0009217540904,40
0.5,0.9,0.4,8,1,15,-115.99794069250606,40
0.5,0.9,0.4,8,1,16,-1899.1981209520663,40
0.5,0.9,0.4,8,1,17,924.0009217540904,40
0.5,0.9,0.4,8,1,18,924.0009217540904,40
0.5,0.9,0.4,8,1,19,832.5877320956278,40
0.5,0.9,0.4,8,1,20,924.0009217540904,40
0.5,0.9,0.4,8,1,21,924.0009217540904,40
0.5,0.9,0.4,8,1,22,834.6883407514433,40
0.5,0.9,0.4,8,1,23,1374.909684798635,40
0.5,0.9,0.4,8,1,24,535.6176350824003,40
0.5,0.9,0.4,8,1,25,41.58372853961464,40
0.5,0.9,0.4,8,2,0,-1270.6326524580136,40
0.5,0.9,0.4,8,2,1,-1391.9509075312722,40
0.5,0.9,0.4,8,2,2,-1394.8410741650748,40
0.5,0.9,0.4,8,2,3,-1394.8410741650748,40
0.5,0.9,0.4,8,2,4,-1388.6482068209768,40
0.5,0.9,0.4,8,2,5,-1387.7956077233785,40
0.5,0.9,0.4,8,2,6,-1117.086016630225,40
0.5,0.9,0.4,8,2,7,-688.9490666371747,40
0.5,0.9,0.4,8,2,8,-749.5944854958127,40
0.5,0.9,0.4,8,2,9,-864.6183100113218,40
0.5,0.9,0.4,8,2,10,-963.4564933045899,40
0.5,0.9,0.4,8,2,11,-769.6089957679053,40
0.5,0.9,0.4,8,2,12,-705.1764946724704,40
0.5,0.9,0.4,8,2,13,-751.9822898314808,40
0.5,0.9,0.4,8,2,14,-892.055519165316,40
0.5,0.9,0.4,8,2,15,-927.5165029915768,40
0.5,0.9,0.4,8,2,16,-860.9993508581914,40
0.5,0.9,0.4,8,2,17,-860.9993508581914,40
0.5,0.9,0.4,8,2,18,-357.58935103615636,40
0.5,0.9,0.4,8,2,19,-220.75103362990728,40
0.5,0.9,0.4,8,2,20,-511.18780526125244,40
0.5,0.9,0.4,8,2,21,-859.7105706713776,40
0.5,0.9,0.4,8,2,22,-1485.3131263334728,40
0.5,0.9,0.4,8,2,23,-465.37543299264865,40
0.5,0.9,0.4,8,2,24,-465.37543299264865,40
0.5,0.9,0.4,8,2,25,-1238.5529088973828,40
0.5,0.9,0.4,8,3,0,-1386.6010351796797,40
0.5,0.9,0.4,8,3,1,-1316.6318803072324,40
0.5,0.9,0.4,8,3,2,-1363.9584149610962,40
0.5,0.9,0.4,8,3,3,-1303.629374840537,40
0.5,0.9,0.4,8,3,4,-1391.9509075312722,40
0.5,0.9,0.4,8,3,5,-1391.9509075312722,40
0.5,0.9,0.4,8,3,6,-1303.629374840537,40
0.5,0.9,0.4,8,3,7,-1303.629374840537,40
0.5,0.9,0.4,8,3,8,-1391.9509075312722,40
0.5,0.9,0.4,8,3,9,-1368.1101838411819,40
0.5,0.9,0.4,8,3,10,-1391.9509075312722,40
0.5,0.9,0.4,8,3,11,-1391.9509075312722,40
0.5,0.9,0.4,8,3,12,-1398.5274532006788,40
0.5,0.9,0.4,8,3,13,-1391.9509075312722,40
0.5,0.9,0.4,8,3,14,-1221.324686697982,40
0.5,0.9,0.4,8,3,15,-1336.499411698856,40
0.5,0.9,0.4,8,3,16,-1225.5859826292804,40
0.5,0.9,0.4,8,3,17,-1125.3782567630267,40
0.5,0.9,0.4,8,3,18,-1377.1986817049503,40
0.5,0.9,0.4,8,3,19,-1377.1986817049503,40
0.5,0.9,0.4,8,3,20,-1377.1986817049503,40
0.5,0.9,0.4,8,3,21,-1383.4913097760668,40
0.5,0.9,0.4,8,3,22,-1377.1986817049503,40
0.5,0.9,0.4,8,3,23,-1383.4913097760668,40
0.5,0.9,0.4,8,3,24,-1383.4913097760668,40
0.5,0.9,0.4,8,3,25,-1383.4913097760668,40
0.5,0.9,0.4,8,4,0,-1292.0316629016177,40
0.5,0.9,0.4,8,4,1,-1295.820480103994,40
0.5,0.9,0.4,8,4,2,-1411.905500221856,40
0.5,0.9,0.4,8,4,3,-1404.301863030692,40
0.5,0.9,0.4,8,4,4,-1402.212112734689,40
0.5,0.9,0.4,8,4,5,-1391.494917774409,40
0.5,0.9,0.4,8,4,6,-1361.6574447221874,40
0.5,0.9,0.4,8,4,7,-1506.8327790710678,40
0.5,0.9,0.4,8,4,8,-1404.301863030692,40
0.5,0.9,0.4,8,4,9,-1329.2988051455322,40
0.5,0.9,0.4,8,4,10,-1411.905500221856,40
0.5,0.9,0.4,8,4,11,-1411.905500221856,40
0.5,0.9,0.4,8,4,12,-1136.6890020446622,40
0.5,0.9,0.4,8,4,13,-1263.8380643945525,40
0.5,0.9,0.4,8,4,14,-633.0590048716767,40
0.5,0.9,0.4,8,4,15,-633.0590048716767,40
0.5,0.9,0.4,8,4,16,-556.5168062177186,40
0.5,0.9,0.4,8,4,17,-531.9424386143031,40
0.5,0.9,0.4,8,4,18,-544.5183591729962,40
0.5,0.9,0.4,8,4,19,-542.4521578950181,40
0.5,0.9,0.4,8,4,20,-316.36420150658216,40
0.5,0.9,0.4,8,4,21,-316.36420150658216,40
0.5,0.9,0.4,8,4,22,-316.36420150658216,40
0.5,0.9,0.4,8,4,23,-334.59192752252403,40
0.5,0.9,0.4,8,4,24,-316.63198523924876,40
0.5,0.9,0.4,8,4,25,-99.79794092659169,40
0.7,0.1,0.4,8,0,0,-2597.939792192511,40
0.7,0.1,0.4,8,0,1,-1457.1761485299162,40
0.7,0.1,0.4,8,0,2,-1457.1761485299162,40
0.7,0.1,0.4,8,0,3,-562.993850721544,40
0.7,0.1,0.4,8,0,4,-339.6203309206753,40
0.7,0.1,0.4,8,0,5,-308.6538572890046,40
0.7,0.1,0.4,8,0,6,-271.9496916506141,40
0.7,0.1,0.4,8,0,7,-287.3204627589405,40
0.7,0.1,0.4,8,0,8,-753.2265121974141,40
0.7,0.1,0.4,8,0,9,-753.2265121974141,40
0.7,0.1,0.4,8,0,10,-308.6538572890046,40
0.7,0.1,0.4,8,0,11,-308.6538572890046,40
0.7,0.1,0.4,8,0,12,-270.45561315732436,40
0.7,0.1,0.4,8,0,13,-308.6538572890046,40
0.7,0.1,0.4,8,0,14,-315.6589054427157,40
0.7,0.1,0.4,8,0,15,-315.04119385065366,40
0.7,0.1,0.4,8,0,16,-284.26353964583365,40
0.7,0.1,0.4,8,0,17,-284.26353964583365,40
0.7,0.1,0.4,8,0,18,-262.95322950809,40
0.7,0.1,0.4,8,0,19,-504.2199479187014,40
0.7,0.1,0.4,8,0,20,-459.5991099443193,40
0.7,0.1,0.4,8,0,21,-504.2199479187014,40
0.7,0.1,0.4,8,0,22,-420.456713480099,40
0.7,0.1,0.4,8,0,23,-426.13680257581575,40
0.7,0.1,0.4,8,0,24,-420.456713480099,40
0.7,0.1,0.4,8,0,25,-153.56954013760762,40
0.7,0.1,0.4,8,1,0,-1381.0131744139167,40
0.7,0.1,0.4,8,1,1,-998.1020339275177,40
0.7,0.1,0.4,8,1,2,-1355.7830174841804,40
0.7,0.1,0.4,8,1,3,-989.6424361723124,40
0.7,0.1,0.4,8,1,4,-2537.66195242256,40
0.7,0.1,0.4,8,1,5,-1001.4784972952623,40
0.7,0.1,0.4,8,1,6,-1001.4784972952623,40
0.7,0.1,0.4,8,1,7,-1001.4784972952623,40
0.7,0.1,0.4,8,1,8,-1001.4784972952623,40
0.7,0.1,0.4,8,1,9,-1001.4784972952623,40
0.7,0.1,0.4,8,1,10,-1581.006133874674,40
0.7,0.1,0.4,8,1,11,-1511.3035570924199,40
0.7,0.1,0.4,8,1,12,-999.9806205907443,40
0.7,0.1,0.4,8,1,13,-1012.321280331489,40
0.7,0.1,0.4,8,1,14,-992.527367981649,40
0.7,0.1,0.4,8,1,15,-748.1276944878433,40
0.7,0.1,0.4,8,1,16,-959.8279245783488,40
0.7,0.1,0.4,8,1,17,-1001.4784972952623,40
0.7,0.1,0.4,8,1,18,-1001.4784972952623,40
0.7,0.1,0.4,8,1,19,-778.7524038219645,40
0.7,0.1,0.4,8,1,20,-906.4996950866407,40
0.7,0.1,0.4,8,1,21,-771.9683331438183,40
0.7,0.1,0.4,8,1,22,-1122.20328225013,40
0.7,0.1,0.4,8,1,23,-807.7957107647912,40
0.7,0.1,0.4,8,1,24,-803.4713581857865,40
0.7,0.1,0.4,8,1,25,-803.4713581857865,40
0.7,0.1,0.4,8,2,0,-1329.2988051455322,40
0.7,0.1,0.4,8,2,1,-1212.9333781477412,40
0.7,0.1,0.4,8,2,2,-1391.9509075312722,40
0.7,0.1,0.4,8,2,3,-1329.2988051455322,40
0.7,0.1,0.4,8,2,4,-1212.9333781477412,40
0.7,0.1,0.4,8,2,5,-1212.9333781477412,40
0.7,0.1,0.4,8,2,6,-1131.8182476465145,40
0.7,0.1,0.4,8,2,7,-824.7637573307682,40
0.7,0.1,0.4,8,2,8,-716.4089719731119,40
0.7,0.1,0.4,8,2,9,-298.6645176472672,40
0.7,0.1,0.4,8,2,10,-298.6645176472672,40
0.7,0.1,0.4,8,2,11,-313.74747742200503,40
0.7,0.1,0.4,8,2,12,-298.6645176472672,40
0.7,0.1,0.4,8,2,13,-146.3384286967498,40
0.7,0.1,0.4,8,2,14,633.8770339458956,40
0.7,0.1,0.4,8,2,15,-146.3384286967498,40
0.7,0.1,0.4,8,2,16,-289.1447036520326,40
0.7,0.1,0.4,8,2,17,-146.3384286967498,40
0.7,0.1,0.4,8,2,18,-146.3384286967498,40
0.7,0.1,0.4,8,2,19,715.9785812501042,40
0.7,0.1,0.4,8,2,20,-38.46109951600033,40
0.7,0.1,0.4,8,2,21,-970.0249042537047,40
0.7,0.1,0.4,8,2,22,151.31229141404913,40
0.7,0.1,0.4,8,2,23,151.31229141404913,40
0.7,0.1,0.4,8,2,24,151.31229141404913,40
0.7,0.1,0.4,8,2,25,81.47012835601953,40
0.7,0.1,0.4,8,3,0,-1391.9509075312722,40
0.7,0.1,0.4,8,3,1,-1233.4647377121032,40
0.7,0.1,0.4,8,3,2,-1399.3296676410648,40
0.7,0.1,0.4,8,3,3,-1391.9509075312722,40
0.7,0.1,0.4,8,3,4,-1391.9509075312722,40
0.7,0.1,0.4,8,3,5,-1391.9509075312722,40
0.7,0.1,0.4,8,3,6,-1427.2960366921625,40
0.7,0.1,0.4,8,3,7,-1391.9509075312722,40
0.7,0.1,0.4,8,3,8,-1391.9509075312722,40
0.7,0.1,0.4,8,3,9,-1391.9509075312722,40
0.7,0.1,0.4,8,3,10,-1382.0717434136222,40
0.7,0.1,0.4,8,3,11,-1415.761759152639,40
0.7,0.1,0.4,8,3,12,-1391.9509075312722,40
0.7,0.1,0.4,8,3,13,-1391.9509075312722,40
0.7,0.1,0.4,8,3,14,-1391.9509075312722,40
0.7,0.1,0.4,8,3,15,-1391.9509075312722,40
0.7,0.1,0.4,8,3,16,-1206.428967461323,40
0.7,0.1,0.4,8,3,17,-1391.9509075312722,40
0.7,0.1,0.4,8,3,18,-1391.9509075312722,40
0.7,0.1,0.4,8,3,19,-1391.9509075312722,40
0.7,0.1,0.4,8,3,20,-1391.9509075312722,40
0.7,0.1,0.4,8,3,21,-1391.9509075312722,40
0.7,0.1,0.4,8,3,22,-1392.366610638809,40
0.7,0.1,0.4,8,3,23,-1391.9509075312722,40
0.7,0.1,0.4,8,3,24,-1391.9509075312722,40
0.7,0.1,0.4,8,3,25,-1391.9509075312722,40
0.7,0.1,0.4,8,4,0,-1391.9509075312722,40
0.7,0.1,0.4,8,4,1,-1244.083391048645,40
0.7,0.1,0.4,8,4,2,-1393.9543039952182,40
0.7,0.1,0.4,8,4,3,-1393.9543039952182,40
0.7,0.1,0.4,8,4,4,-1347.4100969100325,40
0.7,0.1,0.4,8,4,5,-1393.9543039952182,40
0.7,0.1,0.4,8,4,6,-1483.6402775001427,40
0.7,0.1,0.4,8,4,7,-914.3952623117908,40
0.7,0.1,0.4,8,4,8,-798.8377885129055,40
0.7,0.1,0.4,8,4,9,-798.8377885129055,40
0.7,0.1,0.4,8,4,10,-1386.4844141597011,40
0.7,0.1,0.4,8,4,11,-808.8444200917163,40
0.7,0.1,0.4,8,4,12,-1070.712701099651,40
0.7,0.1,0.4,8,4,13,-1097.3524168918136,40
0.7,0.1,0.4,8,4,14,-986.6032603134105,40
0.7,0.1,0.4,8,4,15,-833.1080364417892,40
0.7,0.1,0.4,8,4,16,-833.1080364417892,40
0.7,0.1,0.4,8,4,17,-833.1080364417892,40
0.7,0.1,0.4,8,4,18,-1097.3524168918136,40
0.7,0.1,0.4,8,4,19,-986.6032603134105,40
0.7,0.1,0.4,8,4,20,-1097.3524168918136,40
0.7,0.1,0.4,8,4,21,-1097.3524168918136,40
0.7,0.1,0.4,8,4,22,-1090.2406075810486,40
0.7,0.1,0.4,8,4,23,-1090.2406075810486,40
0.7,0.1,0.4,8,4,24,-1090.2406075810486,40
0.7,0.1,0.4,8,4,25,-1097.3524168918136,40
0.7,0.3,0.4,8,0,0,-861.8136597160251,40
0.7,0.3,0.4,8,0,1,-468.39694467151986,40
0.7,0.3,0.4,8,0,2,-468.39694467151986,40
0.7,0.3,0.4,8,0,3,-468.39694467151986,40
0.7,0.3,0.4,8,0,4,-378.36108095431416,40
0.7,0.3,0.4,8,0,5,-607.5125735749305,40
0.7,0.3,0.4,8,0,6,-378.85264844422505,40
0.7,0.3,0.4,8,0,7,-378.64229321389416,40
0.7,0.3,0.4,8,0,8,-378.64229321389416,40
0.7,0.3,0.4,8,0,9,-378.64229321389416,40
0.7,0.3,0.4,8,0,10,-377.8599313173464,40
0.7,0.3,0.4,8,0,11,-936.8487207538726,40
0.7,0.3,0.4,8,0,12,-371.6889038232123,40
0.7,0.3,0.4,8,0,13,-378.64229321389416,40
0.7,0.3,0.4,8,0,14,-401.03776402671957,40
0.7,0.3,0.4,8,0,15,-401.03776402671957,40
0.7,0.3,0.4,8,0,16,-155.05148514261114,40
0.7,0.3,0.4,8,0,17,-351.4429259761028,40
0.7,0.3,0.4,8,0,18,-482.432506326476,40
0.7,0.3,0.4,8,0,19,-323.914270795686,40
0.7,0.3,0.4,8,0,20,-3171.651564880908,40
0.7,0.3,0.4,8,0,21,-341.752519987504,40
0.7,0.3,0.4,8,0,22,-386.7037055473187,40
0.7,0.3,0.4,8,0,23,-342.92428317725637,40
0.7,0.3,0.4,8,0,24,-341.60519185463664,40
0.7,0.3,0.4,8,0,25,-369.8307811267107,40
0.7,0.3,0.4,8,1,0,-1392.119383685075,40
0.7,0.3,0.4,8,1,1,-1513.00244150084,40
0.7,0.3,0.4,8,1,2,-1395.1984605658743,40
0.7,0.3,0.4,8,1,3,-1454.3521301483534,40
0.7,0.3,0.4,8,1,4,-1395.1984605658743,40
0.7,0.3,0.4,8,1,5,-1177.8342134031761,40
0.7,0.3,0.4,8,1,6,-978.1121073204747,40
0.7,0.3,0.4,8,1,7,-978.1121073204747,40
0.7,0.3,0.4,8,1,8,-978.1121073204747,40
0.7,0.3,0.4,8,1,9,-1044.1869114957972,40
0.7,0.3,0.4,8,1,10,-937.8327834937384,40
0.7,0.3,0.4,8,1,11,-939.8968352741385,40
0.7,0.3,0.4,8,1,12,-939.8968352741385,40
0.7,0.3,0.4,8,1,13,-937.8327834937384,40
0.7,0.3,0.4,8,1,14,-937.8327834937384,40
0.7,0.3,0.4,8,1,15,-940.5739504774762,40
0.7,0.3,0.4,8,1,16,-1180.0392025529723,40
0.7,0.3,0.4,8,1,17,-927.9013754603756,40
0.7,0.3,0.4,8,1,18,-939.8968352741385,40
0.7,0.3,0.4,8,1,19,-939.8968352741385,40
0.7,0.3,0.4,8,1,20,-940.5739504774762,40
0.7,0.3,0.4,8,1,21,-985.8229140280743,40
0.7,0.3,0.4,8,1,22,-927.9013754603756,40
0.7,0.3,0.4,8,1,23,-927.9013754603756,40
0.7,0.3,0.4,8,1,24,-927.9013754603756,40
0.7,0.3,0.4,8,1,25,-940.5739504774762,40
0.7,0.3,0.4,8,2,0,-1123.1685236805274,40
0.7,0.3,0.4,8,2,1,-1510.8913774829143,40
0.7,0.3,0.4,8,2,2,-542.890576901104,40
0.7,0.3,0.4,8,2,3,-542.890576901104,40
0.7,0.3,0.4,8,2,4,-542.890576901104,40
0.7,0.3,0.4,8,2,5,-405.8000945903663,40
0.7,0.3,0.4,8,2,6,-462.4519515918528,40
0.7,0.3,0.4,8,2,7,-358.64730307665803,40
0.7,0.3,0.4,8,2,8,-396.69377250282264,40
0.7,0.3,0.4,8,2,9,-440.7707978129665,40
0.7,0.3,0.4,8,2,10,-510.01406429078656,40
0.7,0.3,0.4,8,2,11,-510.01406429078656,40
0.7,0.3,0.4,8,2,12,-510.01406429078656,40
0.7,0.3,0.4,8,2,13,-329.0213964941431,40
0.7,0.3,0.4,8,2,14,-216.26065696728978,40
0.7,0.3,0.4,8,2,15,-304.6464505031995,40
0.7,0.3,0.4,8,2,16,-257.56639011444605,40
0.7,0.3,0.4,8,2,17,-257.56639011444605,40
0.7,0.3,0.4,8,2,18,-923.4771124034748,40
0.7,0.3,0.4,8,2,19,-923.4771124034748,40
0.7,0.3,0.4,8,2,20,-923.4771124034748,40
0.7,0.3,0.4,8,2,21,-369.3997314853928,40
0.7,0.3,0.4,8,2,22,-1018.216132676435,40
0.7,0.3,0.4,8,2,23,-1069.3529072240324,40
0.7,0.3,0.4,8,2,24,-1069.3529072240324,40
0.7,0.3,0.4,8,2,25,-1069.3529072240324,40
0.7,0.3,0.4,8,3,0,-1136.6890020446622,40
0.7,0.3,0.4,8,3,1,-877.8475762847227,40
0.7,0.3,0.4,8,3,2,-575.4729206898465,40
0.7,0.3,0.4,8,3,3,-787.4736804781203,40
0.7,0.3,0.4,8,3,4,-787.4736804781203,40
0.7,0.3,0.4,8,3,5,-997.7942544167904,40
0.7,0.3,0.4,8,3,6,-973.2592160823314,40
0.7,0.3,0.4,8,3,7,-958.3502305327156,40
0.7,0.3,0.4,8,3,8,-975.8162829812591,40
0.7,0.3,0.4,8,3,9,-975.8162829812591,40
0.7,0.3,0.4,8,3,10,-975.8162829812591,40
0.7,0.3,0.4,8,3,11,-995.6172203645995,40
0.7,0.3,0.4,8,3,12,-995.6172203645995,40
0.7,0.3,0.4,8,3,13,-1839.5180833373915,40
0.7,0.3,0.4,8,3,14,-959.3135044321505,40
0.7,0.3,0.4,8,3,15,-983.9344773042228,40
0.7,0.3,0.4,8,3,16,-935.9204042754985,40
0.7,0.3,0.4,8,3,17,-983.9344773042228,40
0.7,0.3,0.4,8,3,18,-1081.9912640256607,40
0.7,0.3,0.4,8,3,19,-2278.422132775478,40
0.7,0.3,0.4,8,3,20,-1032.3404034019554,40
0.7,0.3,0.4,8,3,21,-1025.4895495951794,40
0.7,0.3,0.4,8,3,22,-1027.4434845936948,40
0.7,0.3,0.4,8,3,23,-1025.4895495951794,40
0.7,0.3,0.4,8,3,24,-971.5921969830451,40
0.7,0.3,0.4,8,3,25,-1788.413679209456,40
0.7,0.3,0.4,8,4,0,-1391.9509075312722,40
0.7,0.3,0.4,8,4,1,-1391.9509075312722,40
0.7,0.3,0.4,8,4,2,-1391.9509075312722,40
0.7,0.3,0.4,8,4,3,-1651.2212801106664,40
0.7,0.3,0.4,8,4,4,-1391.9509075312722,40
0.7,0.3,0.4,8,4,5,-1391.9509075312722,40
0.7,0.3,0.4,8,4,6,-1391.9509075312722,40
0.7,0.3,0.4,8,4,7,-1391.9509075312722,40
0.7,0.3,0.4,8,4,8,-1361.2211290679525,40
0.7,0.3,0.4,8,4,9,-1391.330358043841,40
0.7,0.3,0.4,8,4,10,-1391.9509075312722,40
0.7,0.3,0.4,8,4,11,-1391.9509075312722,40
0.7,0.3,0.4,8,4,12,-1391.9509075312722,40
0.7,0.3,0.4,8,4,13,-1391.9509075312722,40
0.7,0.3,0.4,8,4,14,-1391.9509075312722,40
0.7,0.3,0.4,8,4,15,-1365.285972124174,40
0.7,0.3,0.4,8,4,16,-1365.285972124174,40
0.7,0.3,0.4,8,4,17,-1133.4180527098524,40
0.7,0.3,0.4,8,4,18,-1133.4180527098524,40
0.7,0.3,0.4,8,4,19,-1133.4180527098524,40
0.7,0.3,0.4,8,4,20,-1365.285972124174,40
0.7,0.3,0.4,8,4,21,-1133.4180527098524,40
0.7,0.3,0.4,8,4,22,-1133.4180527098524,40
0.7,0.3,0.4,8,4,23,-1298.0222714700717,40
0.7,0.3,0.4,8,4,24,-1298.0222714700717,40
0.7,0.3,0.4,8,4,25,-1133.4180527098524,40
0.7,0.5,0.4,8,0,0,-2139.1741365422545,40
0.7,0.5,0.4,8,0,1,-1385.7061962007438,40
0.7,0.5,0.4,8,0,2,-1440.9588694978584,40
0.7,0.5,0.4,8,0,3,-1385.7061962007438,40
0.7,0.5,0.4,8,0,4,-1821.6487398746076,40
0.7,0.5,0.4,8,0,5,-1486.3463569404012,40
0.7,0.5,0.4,8,0,6,-1049.5051351274587,40
0.7,0.5,0.4,8,0,7,-1049.5051351274587,40
0.7,0.5,0.4,8,0,8,-1096.7137763545309,40
0.7,0.5,0.4,8,0,9,-1562.7463498591242,40
0.7,0.5,0.4,8,0,10,-1096.7137763545309,40
0.7,0.5,0.4,8,0,11,-966.0287203177367,40
0.7,0.5,0.4,8,0,12,-2078.050192373133,40
0.7,0.5,0.4,8,0,13,-1910.10152962452,40
0.7,0.5,0.4,8,0,14,-2755.002418701979,40
0.7,0.5,0.4,8,0,15,-2078.050192373133,40
0.7,0.5,0.4,8,0,16,-2078.050192373133,40
0.7,0.5,0.4,8,0,17,-2078.050192373133,40
0.7,0.5,0.4,8,0,18,-929.1619130156819,40
0.7,0.5,0.4,8,0,19,-2078.050192373133,40
0.7,0.5,0.4,8,0,20,-857.987034511744,40
0.7,0.5,0.4,8,0,21,-1327.2690465394971,40
0.7,0.5,0.4,8,0,22,-2078.050192373133,40
0.7,0.5,0.4,8,0,23,-1261.5460657823448,40
0.7,0.5,0.4,8,0,24,-668.7450004947527,40
0.7,0.5,0.4,8,0,25,-668.7450004947527,40
0.7,0.5,0.4,8,1,0,-2419.507396580544,40
0.7,0.5,0.4,8,1,1,-1386.4844141597011,40
0.7,0.5,0.4,8,1,2,-1386.4844141597011,40
0.7,0.5,0.4,8,1,3,-1390.565239188749,40
0.7,0.5,0.4,8,1,4,-1427.3775553481444,40
0.7,0.5,0.4,8,1,5,-1390.565239188749,40
0.7,0.5,0.4,8,1,6,-1530.8178777626672,40
0.7,0.5,0.4,8,1,7,-1390.565239188749,40
0.7,0.5,0.4,8,1,8,-1386.4844141597011,40
0.7,0.5,0.4,8,1,9,-1390.565239188749,40
0.7,0.5,0.4,8,1,10,-1386.4844141597011,40
0.7,0.5,0.4,8,1,11,-1140.5308598963006,40
0.7,0.5,0.4,8,1,12,-1136.5835249402494,40
0.7,0.5,0.4,8,1,13,-1390.565239188749,40
0.7,0.5,0.4,8,1,14,-1386.4844141597011,40
0.7,0.5,0.4,8,1,15,-1385.6625246620138,40
0.7,0.5,0.4,8,1,16,-1385.6625246620138,40
0.7,0.5,0.4,8,1,17,-1391.9509075312722,40
0.7,0.5,0.4,8,1,18,-1131.1170315686784,40
0.7,0.5,0.4,8,1,19,-1269.32243954586,40
0.7,0.5,0.4,8,1,20,-1385.6714466540973,40
0.7,0.5,0.4,8,1,21,-1386.4844141597011,40
0.7,0.5,0.4,8,1,22,-1363.5804049898409,40
0.7,0.5,0.4,8,1,23,-1339.499326329988,40
0.7,0.5,0.4,8,1,24,-1369.0468983614119,40
0.7,0.5,0.4,8,1,25,-1369.0468983614119,40
0.7,0.5,0.4,8,2,0,-1170.1485445542783,40
0.7,0.5,0.4,8,2,1,-1414.049045515625,40
0.7,0.5,0.4,8,2,2,-1333.256054331721,40
0.7,0.5,0.4,8,2,3,-720.5767739782515,40
0.7,0.5,0.4,8,2,4,-1127.3954298932588,40
0.7,0.5,0.4,8,2,5,-1127.3954298932588,40
0.7,0.5,0.4,8,2,6,-729.3170229085586,40
0.7,0.5,0.4,8,2,7,-742.543498955428,40
0.7,0.5,0.4,8,2,8,-1167.7561260500163,40
0.7,0.5,0.4,8,2,9,-1436.5253179144577,40
0.7,0.5,0.4,8,2,10,-761.0343333747027,40
0.7,0.5,0.4,8,2,11,-727.1515850478809,40
0.7,0.5,0.4,8,2,12,-722.807177477248,40
0.7,0.5,0.4,8,2,13,-759.3426961043796,40
0.7,0.5,0.4,8,2,14,-1442.115441254089,40
0.7,0.5,0.4,8,2,15,-720.5767739782515,40
0.7,0.5,0.4,8,2,16,-1317.4853461114478,40
0.7,0.5,0.4,8,2,17,-724.2086832993666,40
0.7,0.5,0.4,8,2,18,-720.5767739782515,40
0.7,0.5,0.4,8,2,19,-720.5767739782515,40
0.7,0.5,0.4,8,2,20,-714.6312964927331,40
0.7,0.5,0.4,8,2,21,-1261.4411049175167,40
0.7,0.5,0.4,8,2,22,-716.9367720447092,40
0.7,0.5,0.4,8,2,23,-909.4174801147678,40
0.7,0.5,0.4,8,2,24,-738.6317456596103,40
0.7,0.5,0.4,8,2,25,-738.6317456596103,40
0.7,0.5,0.4,8,3,0,-4266.4092485322635,40
0.7,0.5,0.4,8,3,1,-1396.03173256032,40
0.7,0.5,0.4,8,3,2,-1391.9509075312722,40
0.7,0.5,0.4,8,3,3,-1679.6548216517313,40
0.7,0.5,0.4,8,3,4,-1679.6548216517313,40
0.7,0.5,0.4,8,3,5,-1679.6548216517313,40
0.7,0.5,0.4,8,3,6,-1679.6548216517313,40
0.7,0.5,0.4,8,3,7,-1679.6548216517313,40
0.7,0.5,0.4,8,3,8,-650.4386624169979,40
0.7,0.5,0.4,8,3,9,-409.2964127406611,40
0.7,0.5,0.4,8,3,10,-409.2964127406611,40
0.7,0.5,0.4,8,3,11,-413.27362249924204,40
0.7,0.5,0.4,8,3,12,-487.9565342088102,40
0.7,0.5,0.4,8,3,13,-491.9337439673911,40
0.7,0.5,0.4,8,3,14,-491.9337439673911,40
0.7,0.5,0.4,8,3,15,-517.7292699481503,40
0.7,0.5,0.4,8,3,16,-487.9565342088102,40
0.7,0.5,0.4,8,3,17,-75.06483632286378,40
0.7,0.5,0.4,8,3,18,-222.9559707913232,40
0.7,0.5,0.4,8,3,19,-964.0187780374148,40
0.7,0.5,0.4,8,3,20,-93.68536530264865,40
0.7,0.5,0.4,8,3,21,-75.06483632286378,40
0.7,0.5,0.4,8,3,22,-1607.2599580492083,40
0.7,0.5,0.4,8,3,23,-611.9790599285052,40
0.7,0.5,0.4,8,3,24,-2927.705760983704,40
0.7,0.5,0.4,8,3,25,-2937.1561720258505,40
0.7,0.5,0.4,8,4,0,-1258.747817111773,40
0.7,0.5,0.4,8,4,1,-1386.4844141597011,40
0.7,0.5,0.4,8,4,2,-1182.8266063013155,40
0.7,0.5,0.4,8,4,3,-1182.8266063013155,40
0.7,0.5,0.4,8,4,4,-1219.2532367437848,40
0.7,0.5,0.4,8,4,5,-1228.755896184989,40
0.7,0.5,0.4,8,4,6,-1219.2532367437848,40
0.7,0.5,0.4,8,4,7,-1129.8478753665536,40
0.7,0.5,0.4,8,4,8,-1190.334580894297,40
0.7,0.5,0.4,8,4,9,-1149.384622450243,40
0.7,0.5,0.4,8,4,10,-611.241952373627,40
0.7,0.5,0.4,8,4,11,-632.495429890658,40
0.7,0.5,0.4,8,4,12,-632.495429890658,40
0.7,0.5,0.4,8,4,13,-609.0197316455562,40
0.7,0.5,0.4,8,4,14,-1647.6286842594109,40
0.7,0.5,0.4,8,4,15,-127.69183899436571,40
0.7,0.5,0.4,8,4,16,-382.6402836932136,40
0.7,0.5,0.4,8,4,17,-118.2857302024874,40
0.7,0.5,0.4,8,4,18,-782.6651094291843,40
0.7,0.5,0.4,8,4,19,-118.2857302024874,40
0.7,0.5,0.4,8,4,20,-118.2857302024874,40
0.7,0.5,0.4,8,4,21,-118.2857302024874,40
0.7,0.5,0.4,8,4,22,-481.26041865551804,40
0.7,0.5,0.4,8,4,23,-481.26041865551804,40
0.7,0.5,0.4,8,4,24,-481.26041865551804,40
0.7,0.5,0.4,8,4,25,-481.26041865551804,40
0.7,0.7,0.4,8,0,0,-1097.830635418769,40
0.7,0.7,0.4,8,0,1,-1097.830635418769,40
0.7,0.7,0.4,8,0,2,-520.5127066703923,40
0.7,0.7,0.4,8,0,3,-986.7859488330396,40
0.7,0.7,0.4,8,0,4,-986.7859488330396,40
0.7,0.7,0.4,8,0,5,-520.5127066703923,40
0.7,0.7,0.4,8,0,6,-520.5127066703923,40
0.7,0.7,0.4,8,0,7,-770.7557849859678,40
0.7,0.7,0.4,8,0,8,-453.681626897687,40
0.7,0.7,0.4,8,0,9,-770.7557849859678,40
0.7,0.7,0.4,8,0,10,-453.681626897687,40
0.7,0.7,0.4,8,0,11,-453.681626897687,40
0.7,0.7,0.4,8,0,12,-401.70946330250234,40
0.7,0.7,0.4,8,0,13,-401.70946330250234,40
0.7,0.7,0.4,8,0,14,-585.7305609747114,40
0.7,0.7,0.4,8,0,15,-393.95326033629885,40
0.7,0.7,0.4,8,0,16,-393.95326033629885,40
0.7,0.7,0.4,8,0,17,-958.7944194555672,40
0.7,0.7,0.4,8,0,18,-453.3481054102697,40
0.7,0.7,0.4,8,0,19,-282.7420527277515,40
0.7,0.7,0.4,8,0,20,-453.3481054102697,40
0.7,0.7,0.4,8,0,21,-244.12899391387117,40
0.7,0.7,0.4,8,0,22,-140.74098517640263,40
0.7,0.7,0.4,8,0,23,-244.12899391387117,40
0.7,0.7,0.4,8,0,24,-393.95326033629885,40
0.7,0.7,0.4,8,0,25,-133.10030528099134,40
0.7,0.7,0.4,8,1,0,-1391.9509075312722,40
0.7,0.7,0.4,8,1,1,-1387.4327336848282,40
0.7,0.7,0.4,8,1,2,-1391.9509075312722,40
0.7,0.7,0.4,8,1,3,-1391.9509075312722,40
0.7,0.7,0.4,8,1,4,-1391.9509075312722,40
0.7,0.7,0.4,8,1,5,-1391.9509075312722,40
0.7,0.7,0.4,8,1,6,-1395.3990619702372,40
0.7,0.7,0.4,8,1,7,-1391.9509075312722,40
0.7,0.7,0.4,8,1,8,-1391.9509075312722,40
0.7,0.7,0.4,8,1,9,-1395.3990619702372,40
0.7,0.7,0.4,8,1,10,-1213.1212755464182,40
0.7,0.7,0.4,8,1,11,-1209.673121107453,40
0.7,0.7,0.4,8,1,12,-1209.673121107453,40
0.7,0.7,0.4,8,1,13,-966.7467172910665,40
0.7,0.7,0.4,8,1,14,-1395.3990619702372,40
0.7,0.7,0.4,8,1,15,-1213.1212755464182,40
0.7,0.7,0.4,8,1,16,-1217.2579533123528,40
0.7,0.7,0.4,8,1,17,-1018.5629692665228,40
0.7,0.7,0.4,8,1,18,-803.8205347312862,40
0.7,0.7,0.4,8,1,19,-1075.623512898761,40
0.7,0.7,0.4,8,1,20,-803.8205347312862,40
0.7,0.7,0.4,8,1,21,-803.8205347312862,40
0.7,0.7,0.4,8,1,22,-803.8205347312862,40
0.7,0.7,0.4,8,1,23,-803.8205347312862,40
0.7,0.7,0.4,8,1,24,-809.2296104491113,40
0.7,0.7,0.4,8,1,25,-933.3312623124734,40
0.7,0.7,0.4,8,2,0,-1390.876505593185,40
0.7,0.7,0.4,8,2,1,-1396.03173256032,40
0.7,0.7,0.4,8,2,2,-783.2038035508028,40
0.7,0.7,0.4,8,2,3,-783.2038035508028,40
0.7,0.7,0.4,8,2,4,-517.579827565163,40
0.7,0.7,0.4,8,2,5,-424.869239639039,40
0.7,0.7,0.4,8,2,6,-424.869239639039,40
0.7,0.7,0.4,8,2,7,-2138.279362892512,40
0.7,0.7,0.4,8,2,8,-423.5153323613132,40
0.7,0.7,0.4,8,2,9,-2473.0634369605273,40
0.7,0.7,0.4,8,2,10,-331.86365461272715,40
0.7,0.7,0.4,8,2,11,-323.9828155396673,40
0.7,0.7,0.4,8,2,12,-323.6042687455166,40
0.7,0.7,0.4,8,2,13,-239.0928882524331,40
0.7,0.7,0.4,8,2,14,-292.6769371271711,40
0.7,0.7,0.4,8,2,15,-1084.321226742088,40
0.7,0.7,0.4,8,2,16,-189.8674423450804,40
0.7,0.7,0.4,8,2,17,-235.4619440101347,40
0.7,0.7,0.4,8,2,18,-1377.4174759886928,40
0.7,0.7,0.4,8,2,19,-364.1251993144107,40
0.7,0.7,0.4,8,2,20,-265.06278717818157,40
0.7,0.7,0.4,8,2,21,-265.06278717818157,40
0.7,0.7,0.4,8,2,22,-403.0258209975925,40
0.7,0.7,0.4,8,2,23,-325.0822086559356,40
0.7,0.7,0.4,8,2,24,-237.12341198539008,40
0.7,0.7,0.4,8,2,25,-237.12341198539008,40
0.7,0.7,0.4,8,3,0,-1352.9849377761593,40
0.7,0.7,0.4,8,3,1,-1367.7668899057928,40
0.7,0.7,0.4,8,3,2,-996.2084685807381,40
0.7,0.7,0.4,8,3,3,-1206.7086972588331,40
0.7,0.7,0.4,8,3,4,-2298.359025083817,40
0.7,0.7,0.4,8,3,5,-2002.061774614299,40
0.7,0.7,0.4,8,3,6,-1978.23696209485,40
0.7,0.7,0.4,8,3,7,-689.6689506291281,40
0.7,0.7,0.4,8,3,8,-689.6689506291281,40
0.7,0.7,0.4,8,3,9,-1979.3363462802317,40
0.7,0.7,0.4,8,3,10,-347.45334764041877,40
0.7,0.7,0.4,8,3,11,-1687.2426520050612,40
0.7,0.7,0.4,8,3,12,-2157.4160802482506,40
0.7,0.7,0.4,8,3,13,-2562.2141544574274,40
0.7,0.7,0.4,8,3,14,-422.68691537521124,40
0.7,0.7,0.4,8,3,15,-1689.7257117671832,40
0.7,0.7,0.4,8,3,16,-1080.5768766977403,40
0.7,0.7,0.4,8,3,17,-709.2671635456501,40
0.7,0.7,0.4,8,3,18,-1191.47946893355,40
0.7,0.7,0.4,8,3,19,-205.63264142024542,40
0.7,0.7,0.4,8,3,20,-1746.558910661229,40
0.7,0.7,0.4,8,3,21,-1187.3878197326271,40
0.7,0.7,0.4,8,3,22,-1126.7941033194977,40
0.7,0.7,0.4,8,3,23,-1098.8426337076842,40
0.7,0.7,0.4,8,3,24,-1454.0809574010186,40
0.7,0.7,0.4,8,3,25,-1121.8657042724549,40
0.7,0.7,0.4,8,4,0,-1114.20513702225,40
0.7,0.7,0.4,8,4,1,-1147.4348071064042,40
0.7,0.7,0.4,8,4,2,-1285.5231193081963,40
0.7,0.7,0.4,8,4,3,-1861.814917923657,40
0.7,0.7,0.4,8,4,4,-1339.2857631410157,40
0.7,0.7,0.4,8,4,5,-1473.6601760926271,40
0.7,0.7,0.4,8,4,6,-1391.9509075312722,40
0.7,0.7,0.4,8,4,7,-1391.9509075312722,40
0.7,0.7,0.4,8,4,8,-1129.5476451595198,40
0.7,0.7,0.4,8,4,9,-1488.14945572568,40
0.7,0.7,0.4,8,4,10,-853.5037637474518,40
0.7,0.7,0.4,8,4,11,-853.5037637474518,40
0.7,0.7,0.4,8,4,12,-1068.8917287538325,40
0.7,0.7,0.4,8,4,13,-959.9780806705191,40
0.7,0.7,0.4,8,4,14,-1131.295214234498,40
0.7,0.7,0.4,8,4,15,-773.325946790764,40
0.7,0.7,0.4,8,4,16,-773.325946790764,40
0.7,0.7,0.4,8,4,17,-815.0370071292209,40
0.7,0.7,0.4,8,4,18,-1028.551121657752,40
0.7,0.7,0.4,8,4,19,-811.6911014739542,40
0.7,0.7,0.4,8,4,20,-690.7568988990495,40
0.7,0.7,0.4,8,4,21,-626.3332713565048,40
0.7,0.7,0.4,8,4,22,-742.0182348031487,40
0.7,0.7,0.4,8,4,23,-827.4475188520399,40
0.7,0.7,0.4,8,4,24,-1080.0295084487352,40
0.7,0.7,0.4,8,4,25,-770.3955649333161,40
0.7,0.9,0.4,8,0,0,-1370.8015787037648,40
0.7,0.9,0.4,8,0,1,-1518.5878825948798,40
0.7,0.9,0.4,8,0,2,-1394.4896015720524,40
0.7,0.9,0.4,8,0,3,-1365.285972124174,40
0.7,0.9,0.4,8,0,4,-1391.9509075312722,40
0.7,0.9,0.4,8,0,5,-1320.3788600274174,40
0.7,0.9,0.4,8,0,6,-2051.2794824833813,40
0.7,0.9,0.4,8,0,7,-1365.285972124174,40
0.7,0.9,0.4,8,0,8,-1644.2868744125763,40
0.7,0.9,0.4,8,0,9,-1365.285972124174,40
0.7,0.9,0.4,8,0,10,-1144.5825490771583,40
0.7,0.9,0.4,8,0,11,-1177.0148157179838,40
0.7,0.9,0.4,8,0,12,-788.0255327260368,40
0.7,0.9,0.4,8,0,13,-884.1690372599364,40
0.7,0.9,0.4,8,0,14,-803.162034150232,40
0.7,0.9,0.4,8,0,15,-803.162034150232,40
0.7,0.9,0.4,8,0,16,-739.4647700747557,40
0.7,0.9,0.4,8,0,17,-898.6571139406433,40
0.7,0.9,0.4,8,0,18,-2120.268573297403,40
0.7,0.9,0.4,8,0,19,-902.1248737054628,40
0.7,0.9,0.4,8,0,20,-940.5091361017683,40
0.7,0.9,0.4,8,0,21,-943.2607017562805,40
0.7,0.9,0.4,8,0,22,-943.2607017562805,40
0.7,0.9,0.4,8,0,23,-685.7310747132395,40
0.7,0.9,0.4,8,0,24,-378.96840633910796,40
0.7,0.9,0.4,8,0,25,-941.9241587513835,40
0.7,0.9,0.4,8,1,0,-1391.9509075312722,40
0.7,0.9,0.4,8,1,1,-1391.9509075312722,40
0.7,0.9,0.4,8,1,2,-1414.4262275224796,40
0.7,0.9,0.4,8,1,3,-1391.9509075312722,40
0.7,0.9,0.4,8,1,4,-1391.9509075312722,40
0.7,0.9,0.4,8,1,5,-1391.9509075312722,40
0.7,0.9,0.4,8,1,6,-1391.9509075312722,40
0.7,0.9,0.4,8,1,7,-1391.9509075312722,40
0.7,0.9,0.4,8,1,8,-1391.9509075312722,40
0.7,0.9,0.4,8,1,9,-1396.766335051871,40
0.7,0.9,0.4,8,1,10,-1391.9509075312722,40
0.7,0.9,0.4,8,1,11,-1391.9509075312722,40
0.7,0.9,0.4,8,1,12,-1391.9509075312722,40
0.7,0.9,0.4,8,1,13,-1391.9509075312722,40
0.7,0.9,0.4,8,1,14,-1391.9509075312722,40
0.7,0.9,0.4,8,1,15,-1414.049045515625,40
0.7,0.9,0.4,8,1,16,-1388.0946486004896,40
0.7,0.9,0.4,8,1,17,-1415.761759152639,40
0.7,0.9,0.4,8,1,18,-1411.905500221856,40
0.7,0.9,0.4,8,1,19,-1414.049045515625,40
0.7,0.9,0.4,8,1,20,-1411.905500221856,40
0.7,0.9,0.4,8,1,21,-1392.366610638809,40
0.7,0.9,0.4,8,1,22,-1411.905500221856,40
0.7,0.9,0.4,8,1,23,-1411.905500221856,40
0.7,0.9,0.4,8,1,24,-1392.1148825727123,40
0.7,0.9,0.4,8,1,25,-1411.905500221856,40
0.7,0.9,0.4,8,2,0,-1395.6127281537777,40
0.7,0.9,0.4,8,2,1,-1609.4980708999274,40
0.7,0.9,0.4,8,2,2,-1387.7956077233785,40
0.7,0.9,0.4,8,2,3,-1387.7956077233785,40
0.7,0.9,0.4,8,2,4,-1391.9509075312722,40
0.7,0.9,0.4,8,2,5,-1387.7956077233785,40
0.7,0.9,0.4,8,2,6,-1387.7956077233785,40
0.7,0.9,0.4,8,2,7,-1390.4087765430043,40
0.7,0.9,0.4,8,2,8,-1391.9509075312722,40
0.7,0.9,0.4,8,2,9,-1367.5226972942912,40
0.7,0.9,0.4,8,2,10,-1386.4844141597011,40
0.7,0.9,0.4,8,2,11,-1391.9509075312722,40
0.7,0.9,0.4,8,2,12,-1393.8828224126703,40
0.7,0.9,0.4,8,2,13,-1391.9509075312722,40
0.7,0.9,0.4,8,2,14,-2785.849203194707,40
0.7,0.9,0.4,8,2,15,-1390.4087765430043,40
0.7,0.9,0.4,8,2,16,-1391.9509075312722,40
0.7,0.9,0.4,8,2,17,-1390.4087765430043,40
0.7,0.9,0.4,8,2,18,-1390.4087765430043,40
0.7,0.9,0.4,8,2,19,-1038.3651464085349,40
0.7,0.9,0.4,8,2,20,-961.0931097374029,40
0.7,0.9,0.4,8,2,21,-1293.135368684047,40
0.7,0.9,0.4,8,2,22,-913.8598779269532,40
0.7,0.9,0.4,8,2,23,-925.2521495163926,40
0.7,0.9,0.4,8,2,24,-926.7647676762023,40
0.7,0.9,0.4,8,2,25,-1222.5956321588255,40
0.7,0.9,0.4,8,3,0,-956.1076995932312,40
0.7,0.9,0.4,8,3,1,-946.5479048272181,40
0.7,0.9,0.4,8,3,2,-916.7929847071752,40
0.7,0.9,0.4,8,3,3,-711.784685753283,40
0.7,0.9,0.4,8,3,4,-711.784685753283,40
0.7,0.9,0.4,8,3,5,-1001.0587673284305,40
0.7,0.9,0.4,8,3,6,-1283.0937792237098,40
0.7,0.9,0.4,8,3,7,-660.2988403287643,40
0.7,0.9,0.4,8,3,8,-660.2988403287643,40
0.7,0.9,0.4,8,3,9,-660.2988403287643,40
0.7,0.9,0.4,8,3,10,-660.2988403287643,40
0.7,0.9,0.4,8,3,11,-910.0121361828363,40
0.7,0.9,0.4,8,3,12,-978.7785418848678,40
0.7,0.9,0.4,8,3,13,-1116.7342974969151,40
0.7,0.9,0.4,8,3,14,-910.4678152738875,40
0.7,0.9,0.4,8,3,15,-1256.8020462248166,40
0.7,0.9,0.4,8,3,16,-877.1775874831851,40
0.7,0.9,0.4,8,3,17,-805.4439586754481,40
0.7,0.9,0.4,8,3,18,-1108.171686023884,40
0.7,0.9,0.4,8,3,19,-808.7636220206649,40
0.7,0.9,0.4,8,3,20,-1237.590743333591,40
0.7,0.9,0.4,8,3,21,-1083.0784652705852,40
0.7,0.9,0.4,8,3,22,-1253.0062270290935,40
0.7,0.9,0.4,8,3,23,-849.9416370505337,40
0.7,0.9,0.4,8,3,24,-1186.0100033904955,40
0.7,0.9,0.4,8,3,25,-862.4447483387917,40
0.7,0.9,0.4,8,4,0,-1209.118296797489,40
0.7,0.9,0.4,8,4,1,-1391.9509075312722,40
0.7,0.9,0.4,8,4,2,-1392.4777699036558,40
0.7,0.9,0.4,8,4,3,-1391.1176355368264,40
0.7,0.9,0.4,8,4,4,-1391.1176355368264,40
0.7,0.9,0.4,8,4,5,-1391.1176355368264,40
0.7,0.9,0.4,8,4,6,-1386.4844141597011,40
0.7,0.9,0.4,8,4,7,-1391.1176355368264,40
0.7,0.9,0.4,8,4,8,-1391.1176355368264,40
0.7,0.9,0.4,8,4,9,-1411.07222822741,40
0.7,0.9,0.4,8,4,10,-1392.4777699036558,40
0.7,0.9,0.4,8,4,11,-1391.1176355368264,40
0.7,0.9,0.4,8,4,12,-1391.9509075312722,40
0.7,0.9,0.4,8,4,13,-1391.9509075312722,40
0.7,0.9,0.4,8,4,14,-1392.4777699036558,40
0.7,0.9,0.4,8,4,15,-1391.1176355368264,40
0.7,0.9,0.4,8,4,16,-1392.4777699036558,40
0.7,0.9,0.4,8,4,17,-1134.8472508281718,40
0.7,0.9,0.4,8,4,18,-1134.8472508281718,40
0.7,0.9,0.4,8,4,19,-1392.4777699036558,40
0.7,0.9,0.4,8,4,20,-1391.1176355368264,40
0.7,0.9,0.4,8,4,21,-1391.1176355368264,40
0.7,0.9,0.4,8,4,22,-1391.1176355368264,40
0.7,0.9,0.4,8,4,23,-1392.4777699036558,40
0.7,0.9,0.4,8,4,24,-1392.4777699036558,40
0.7,0.9,0.4,8,4,25,-1391.9509075312722,40
0.4,0.1,0.4,8,0,0,-1160.3432612581187,40
0.4,0.1,0.4,8,0,1,-1391.9509075312722,40
0.4,0.1,0.4,8,0,2,-1396.03173256032,40
0.4,0.1,0.4,8,0,3,-1396.03173256032,40
0.4,0.1,0.4,8,0,4,-1400.7851081390188,40
0.4,0.1,0.4,8,0,5,-1396.03173256032,40
0.4,0.1,0.4,8,0,6,-984.0672758388237,40
0.4,0.1,0.4,8,0,7,-5580.935377741394,40
0.4,0.1,0.4,8,0,8,-1000.7425805982498,40
0.4,0.1,0.4,8,0,9,-3244.4356648340245,40
0.4,0.1,0.4,8,0,10,-5697.47696957233,40
0.4,0.1,0.4,8,0,11,-703.5341004938064,40
0.4,0.1,0.4,8,0,12,-703.5341004938064,40
0.4,0.1,0.4,8,0,13,-851.5289403058624,40
0.4,0.1,0.4,8,0,14,-294.07467315305314,40
0.4,0.1,0.4,8,0,15,-294.07467315305314,40
0.4,0.1,0.4,8,0,16,-265.7938271658619,40
0.4,0.1,0.4,8,0,17,-197.5384310808813,40
0.4,0.1,0.4,8,0,18,-265.7938271658619,40
0.4,0.1,0.4,8,0,19,-265.7938271658619,40
0.4,0.1,0.4,8,0,20,-289.4515348049947,40
0.4,0.1,0.4,8,0,21,-223.6598286402679,40
0.4,0.1,0.4,8,0,22,-351.9312601893505,40
0.4,0.1,0.4,8,0,23,-312.8752193675892,40
0.4,0.1,0.4,8,0,24,-312.8752193675892,40
0.4,0.1,0.4,8,0,25,-343.05303317992457,40
0.4,0.1,0.4,8,1,0,-1430.9637952080423,40
0.4,0.1,0.4,8,1,1,-1391.9509075312722,40
0.4,0.1,0.4,8,1,2,-804.3326132232095,40
0.4,0.1,0.4,8,1,3,-866.0058720139957,40
0.4,0.1,0.4,8,1,4,-653.341127424582,40
0.4,0.1,0.4,8,1,5,-645.2561232147784,40
0.4,0.1,0.4,8,1,6,-773.623781493988,40
0.4,0.1,0.4,8,1,7,-362.22577689265654,40
0.4,0.1,0.4,8,1,8,-362.22577689265654,40
0.4,0.1,0.4,8,1,9,-362.22577689265654,40
0.4,0.1,0.4,8,1,10,-362.22577689265654,40
0.4,0.1,0.4,8,1,11,-314.10540183095554,40
0.4,0.1,0.4,8,1,12,-314.10540183095554,40
0.4,0.1,0.4,8,1,13,-362.22577689265654,40
0.4,0.1,0.4,8,1,14,-312.91205052936823,40
0.4,0.1,0.4,8,1,15,-362.22577689265654,40
0.4,0.1,0.4,8,1,16,-312.91205052936823,40
0.4,0.1,0.4,8,1,17,-343.4512052929199,40
0.4,0.1,0.4,8,1,18,-309.1597665962015,40
0.4,0.1,0.4,8,1,19,-309.1597665962015,40
0.4,0.1,0.4,8,1,20,-282.6304776979227,40
0.4,0.1,0.4,8,1,21,-302.3181514709338,40
0.4,0.1,0.4,8,1,22,-309.1597665962015,40
0.4,0.1,0.4,8,1,23,-299.1553354239083,40
0.4,0.1,0.4,8,1,24,-310.74039992326266,40
0.4,0.1,0.4,8,1,25,-385.56272626616436,40
0.4,0.1,0.4,8,2,0,-1391.772673059268,40
0.4,0.1,0.4,8,2,1,-1194.5521057895498,40
0.4,0.1,0.4,8,2,2,-1392.4777699036558,40
0.4,0.1,0.4,8,2,3,-1392.4777699036558,40
0.4,0.1,0.4,8,2,4,-1397.7346192612886,40
0.4,0.1,0.4,8,2,5,-1392.4777699036558,40
0.4,0.1,0.4,8,2,6,-1391.1176355368264,40
0.4,0.1,0.4,8,2,7,-1390.7481856033635,40
0.4,0.1,0.4,8,2,8,-1391.9509075312722,40
0.4,0.1,0.4,8,2,9,-1436.0788639468926,40
0.4,0.1,0.4,8,2,10,-1391.1176355368264,40
0.4,0.1,0.4,8,2,11,-1436.0788639468926,40
0.4,0.1,0.4,8,2,12,-1391.1176355368264,40
0.4,0.1,0.4,8,2,13,-1391.9509075312722,40
0.4,0.1,0.4,8,2,14,-1391.1176355368264,40
0.4,0.1,0.4,8,2,15,-1392.4777699036558,40
0.4,0.1,0.4,8,2,16,-1392.4777699036558,40
0.4,0.1,0.4,8,2,17,-1386.4844141597011,40
0.4,0.1,0.4,8,2,18,-1386.4844141597011,40
0.4,0.1,0.4,8,2,19,-1386.4844141597011,40
0.4,0.1,0.4,8,2,20,-1386.4844141597011,40
0.4,0.1,0.4,8,2,21,-1386.4844141597011,40
0.4,0.1,0.4,8,2,22,-1391.9509075312722,40
0.4,0.1,0.4,8,2,23,-1386.4844141597011,40
0.4,0.1,0.4,8,2,24,-1386.4844141597011,40
0.4,0.1,0.4,8,2,25,-1386.4844141597011,40
0.4,0.1,0.4,8,3,0,-1325.6816691060785,40
0.4,0.1,0.4,8,3,1,-1431.2536165398774,40
0.4,0.1,0.4,8,3,2,-1431.2536165398774,40
0.4,0.1,0.4,8,3,3,-1431.2536165398774,40
0.4,0.1,0.4,8,3,4,-316.72030359844604,40
0.4,0.1,0.4,8,3,5,-755.1421690313704,40
0.4,0.1,0.4,8,3,6,-101.92934143046469,40
0.4,0.1,0.4,8,3,7,-96.37579478309826,40
0.4,0.1,0.4,8,3,8,-118.50947985325584,40
0.4,0.1,0.4,8,3,9,-141.2198297662703,40
0.4,0.1,0.4,8,3,10,-389.76190487492306,40
0.4,0.1,0.4,8,3,11,-96.37579478309826,40
0.4,0.1,0.4,8,3,12,-398.71104140244637,40
0.4,0.1,0.4,8,3,13,-438.26264270740535,40
0.4,0.1,0.4,8,3,14,-446.7118699902387,40
0.4,0.1,0.4,8,3,15,-497.77807402092753,40
0.4,0.1,0.4,8,3,16,-469.5206144892761,40
0.4,0.1,0.4,8,3,17,-407.34052022923146,40
0.4,0.1,0.4,8,3,18,-407.34052022923146,40
0.4,0.1,0.4,8,3,19,-432.5407115979458,40
0.4,0.1,0.4,8,3,20,-453.375805723312,40
0.4,0.1,0.4,8,3,21,-512.6602796111526,40
0.4,0.1,0.4,8,3,22,-453.375805723312,40
0.4,0.1,0.4,8,3,23,-793.5450379320066,40
0.4,0.1,0.4,8,3,24,-187.64717072632624,40
0.4,0.1,0.4,8,3,25,-512.6602796111526,40
0.4,0.1,0.4,8,4,0,-401.5094250833474,40
0.4,0.1,0.4,8,4,1,-435.4297131780689,40
0.4,0.1,0.4,8,4,2,-463.1152628319345,40
0.4,0.1,0.4,8,4,3,-742.3027044940676,40
0.4,0.1,0.4,8,4,4,-742.3027044940676,40
0.4,0.1,0.4,8,4,5,-742.3027044940676,40
0.4,0.1,0.4,8,4,6,-742.3027044940676,40
0.4,0.1,0.4,8,4,7,-742.3027044940676,40
0.4,0.1,0.4,8,4,8,-281.6522100372717,40
0.4,0.1,0.4,8,4,9,-281.6522100372717,40
0.4,0.1,0.4,8,4,10,-271.7326064012511,40
0.4,0.1,0.4,8,4,11,-271.7326064012511,40
0.4,0.1,0.4,8,4,12,-263.1769817509693,40
0.4,0.1,0.4,8,4,13,-263.1769817509693,40
0.4,0.1,0.4,8,4,14,-263.1769817509693,40
0.4,0.1,0.4,8,4,15,-271.7326064012511,40
0.4,0.1,0.4,8,4,16,-246.82378654981,40
0.4,0.1,0.4,8,4,17,-263.1769817509693,40
0.4,0.1,0.4,8,4,18,-263.1769817509693,40
0.4,0.1,0.4,8,4,19,-246.82378654981,40
0.4,0.1,0.4,8,4,20,-246.82378654981,40
0.4,0.1,0.4,8,4,21,-263.1769817509693,40
0.4,0.1,0.4,8,4,22,-246.82378654981,40
0.4,0.1,0.4,8,4,23,-281.6522100372717,40
0.4,0.1,0.4,8,4,24,-282.7781795481539,40
0.4,0.1,0.4,8,4,25,-282.7781795481539,40
0.4,0.3,0.4,8,0,0,-1408.5825521440538,40
0.4,0.3,0.4,8,0,1,-1060.6478624147658,40
0.4,0.3,0.4,8,0,2,-1475.7414678532232,40
0.4,0.3,0.4,8,0,3,-8417.12234267578,40
0.4,0.3,0.4,8,0,4,-981.9361165250331,40
0.4,0.3,0.4,8,0,5,-1160.6639596717696,40
0.4,0.3,0.4,8,0,6,-1000.3464989614431,40
0.4,0.3,0.4,8,0,7,-1154.4129722487296,40
0.4,0.3,0.4,8,0,8,-980.2134721863921,40
0.4,0.3,0.4,8,0,9,-980.2134721863921,40
0.4,0.3,0.4,8,0,10,-854.027547427169,40
0.4,0.3,0.4,8,0,11,-633.6190754272833,40
0.4,0.3,0.4,8,0,12,-633.6190754272833,40
0.4,0.3,0.4,8,0,13,-633.6190754272833,40
0.4,0.3,0.4,8,0,14,-632.6148664081758,40
0.4,0.3,0.4,8,0,15,-606.7608793274152,40
0.4,0.3,0.4,8,0,16,-338.19045085241515,40
0.4,0.3,0.4,8,0,17,-624.484926259447,40
0.4,0.3,0.4,8,0,18,-632.9443074242238,40
0.4,0.3,0.4,8,0,19,-632.9443074242238,40
0.4,0.3,0.4,8,0,20,-648.5487963926605,40
0.4,0.3,0.4,8,0,21,-624.484926259447,40
0.4,0.3,0.4,8,0,22,-648.5487963926605,40
0.4,0.3,0.4,8,0,23,-436.3440025444177,40
0.4,0.3,0.4,8,0,24,-436.3440025444177,40
0.4,0.3,0.4,8,0,25,-150.69819114510267,40
0.4,0.3,0.4,8,1,0,-1415.761759152639,40
0.4,0.3,0.4,8,1,1,-1698.5159791100475,40
0.4,0.3,0.4,8,1,2,-1391.9509075312722,40
0.4,0.3,0.4,8,1,3,-1014.814512334061,40
0.4,0.3,0.4,8,1,4,-1382.3291143518074,40
0.4,0.3,0.4,8,1,5,-1014.814512334061,40
0.4,0.3,0.4,8,1,6,-1019.0769804974774,40
0.4,0.3,0.4,8,1,7,-1019.0769804974774,40
0.4,0.3,0.4,8,1,8,-1017.3219920967607,40
0.4,0.3,0.4,8,1,9,-1229.676296007467,40
0.4,0.3,0.4,8,1,10,-974.809508846425,40
0.4,0.3,0.4,8,1,11,-1420.0095384442302,40
0.4,0.3,0.4,8,1,12,-1050.569382655764,40
0.4,0.3,0.4,8,1,13,-1022.6012929864812,40
0.4,0.3,0.4,8,1,14,-1022.6012929864812,40
0.4,0.3,0.4,8,1,15,-1022.6012929864812,40
0.4,0.3,0.4,8,1,16,-985.9972111652273,40
0.4,0.3,0.4,8,1,17,-996.1599895354129,40
0.4,0.3,0.4,8,1,18,-1022.6012929864812,40
0.4,0.3,0.4,8,1,19,-812.1597198642538,40
0.4,0.3,0.4,8,1,20,-1022.6012929864812,40
0.4,0.3,0.4,8,1,21,-996.8786250869916,40
0.4,0.3,0.4,8,1,22,-986.7696132549836,40
0.4,0.3,0.4,8,1,23,-1142.9992967053831,40
0.4,0.3,0.4,8,1,24,-1022.6012929864812,40
0.4,0.3,0.4,8,1,25,-1204.145529494298,40
0.4,0.3,0.4,8,2,0,-1391.9509075312722,40
0.4,0.3,0.4,8,2,1,-1391.9509075312722,40
0.4,0.3,0.4,8,2,2,-1391.9509075312722,40
0.4,0.3,0.4,8,2,3,-1391.1176355368264,40
0.4,0.3,0.4,8,2,4,-1391.1176355368264,40
0.4,0.3,0.4,8,2,5,-1386.4844141597011,40
0.4,0.3,0.4,8,2,6,-1391.9509075312722,40
0.4,0.3,0.4,8,2,7,-1391.9509075312722,40
0.4,0.3,0.4,8,2,8,-1391.1176355368264,40
0.4,0.3,0.4,8,2,9,-1391.1176355368264,40
0.4,0.3,0.4,8,2,10,-1708.558020780295,40
0.4,0.3,0.4,8,2,11,-1391.1176355368264,40
0.4,0.3,0.4,8,2,12,-1392.4402724318293,40
0.4,0.3,0.4,8,2,13,-1391.9509075312722,40
0.4,0.3,0.4,8,2,14,-1391.9509075312722,40
0.4,0.3,0.4,8,2,15,-1392.4777699036558,40
0.4,0.3,0.4,8,2,16,-1391.9509075312722,40
0.4,0.3,0.4,8,2,17,-1391.9509075312722,40
0.4,0.3,0.4,8,2,18,-1392.4777699036558,40
0.4,0.3,0.4,8,2,19,-1392.4777699036558,40
0.4,0.3,0.4,8,2,20,-1412.4323625942397,40
0.4,0.3,0.4,8,2,21,-1391.9509075312722,40
0.4,0.3,0.4,8,2,22,-1391.9509075312722,40
0.4,0.3,0.4,8,2,23,-1392.4777699036558,40
0.4,0.3,0.4,8,2,24,-1386.4844141597011,40
0.4,0.3,0.4,8,2,25,-1388.0946486004896,40
0.4,0.3,0.4,8,3,0,-1209.9239492895017,40
0.4,0.3,0.4,8,3,1,-984.28005075016,40
0.4,0.3,0.4,8,3,2,-1309.320597773701,40
0.4,0.3,0.4,8,3,3,-995.2185146512484,40
0.4,0.3,0.4,8,3,4,-667.6190822003822,40
0.4,0.3,0.4,8,3,5,-1050.4158535171923,40
0.4,0.3,0.4,8,3,6,-704.443348409928,40
0.4,0.3,0.4,8,3,7,-1261.8956346906195,40
0.4,0.3,0.4,8,3,8,-677.6461928395984,40
0.4,0.3,0.4,8,3,9,-668.5400188931264,40
0.4,0.3,0.4,8,3,10,-1159.446057842759,40
0.4,0.3,0.4,8,3,11,-763.0067963967383,40
0.4,0.3,0.4,8,3,12,-1159.446057842759,40
0.4,0.3,0.4,8,3,13,-703.0602208126646,40
0.4,0.3,0.4,8,3,14,-605.7493034212564,40
0.4,0.3,0.4,8,3,15,-605.7493034212564,40
0.4,0.3,0.4,8,3,16,-809.7268911700922,40
0.4,0.3,0.4,8,3,17,-1097.92826406489,40
0.4,0.3,0.4,8,3,18,-732.0874679887827,40
0.4,0.3,0.4,8,3,19,-732.0874679887827,40
0.4,0.3,0.4,8,3,20,-749.5306920558738,40
0.4,0.3,0.4,8,3,21,-1118.2630104643115,40
0.4,0.3,0.4,8,3,22,-1118.2630104643115,40
0.4,0.3,0.4,8,3,23,-738.2852119703739,40
0.4,0.3,0.4,8,3,24,-738.2852119703739,40
0.4,0.3,0.4,8,3,25,-618.2792514946285,40
0.4,0.3,0.4,8,4,0,-1124.8216388280985,40
0.4,0.3,0.4,8,4,1,-1412.455615649284,40
0.4,0.3,0.4,8,4,2,-1412.455615649284,40
0.4,0.3,0.4,8,4,3,-973.1912372870628,40
0.4,0.3,0.4,8,4,4,-973.1912372870628,40
0.4,0.3,0.4,8,4,5,-973.1912372870628,40
0.4,0.3,0.4,8,4,6,-973.1912372870628,40
0.4,0.3,0.4,8,4,7,-973.1912372870628,40
0.4,0.3,0.4,8,4,8,-886.1694247327133,40
0.4,0.3,0.4,8,4,9,-973.1912372870628,40
0.4,0.3,0.4,8,4,10,-1065.0826279881685,40
0.4,0.3,0.4,8,4,11,-973.1912372870628,40
0.4,0.3,0.4,8,4,12,-973.1912372870628,40
0.4,0.3,0.4,8,4,13,-973.1912372870628,40
0.4,0.3,0.4,8,4,14,-973.1912372870628,40
0.4,0.3,0.4,8,4,15,-973.1912372870628,40
0.4,0.3,0.4,8,4,16,-973.1912372870628,40
0.4,0.3,0.4,8,4,17,-973.1912372870628,40
0.4,0.3,0.4,8,4,18,-973.1912372870628,40
0.4,0.3,0.4,8,4,19,-973.1912372870628,40
0.4,0.3,0.4,8,4,20,-973.1912372870628,40
0.4,0.3,0.4,8,4,21,-973.1912372870628,40
0.4,0.3,0.4,8,4,22,-973.1912372870628,40
0.4,0.3,0.4,8,4,23,-973.1912372870628,40
0.4,0.3,0.4,8,4,24,-973.1912372870628,40
0.4,0.3,0.4,8,4,25,-973.1912372870628,40
0.4,0.5,0.4,8,0,0,-1388.0906781547772,40
0.4,0.5,0.4,8,0,1,-2218.701194140203,40
0.4,0.5,0.4,8,0,2,-1481.3402202667135,40
0.4,0.5,0.4,8,0,3,-1386.4844141597011,40
0.4,0.5,0.4,8,0,4,-1685.4973240082518,40
0.4,0.5,0.4,8,0,5,-1386.4844141597011,40
0.4,0.5,0.4,8,0,6,-1386.4844141597011,40
0.4,0.5,0.4,8,0,7,-1386.4844141597011,40
0.4,0.5,0.4,8,0,8,-1386.4844141597011,40
0.4,0.5,0.4,8,0,9,-1386.4844141597011,40
0.4,0.5,0.4,8,0,10,-1389.9325685986662,40
0.4,0.5,0.4,8,0,11,-1386.4844141597011,40
0.4,0.5,0.4,8,0,12,-1386.4844141597011,40
0.4,0.5,0.4,8,0,13,-1458.7202920665738,40
0.4,0.5,0.4,8,0,14,-1390.565239188749,40
0.4,0.5,0.4,8,0,15,-1391.9509075312722,40
0.4,0.5,0.4,8,0,16,-1368.734126563139,40
0.4,0.5,0.4,8,0,17,-1391.9509075312722,40
0.4,0.5,0.4,8,0,18,-1391.5972920551758,40
0.4,0.5,0.4,8,0,19,-1082.1711415851635,40
0.4,0.5,0.4,8,0,20,-1432.2149126517795,40
0.4,0.5,0.4,8,0,21,-1082.1711415851635,40
0.4,0.5,0.4,8,0,22,-1082.1711415851635,40
0.4,0.5,0.4,8,0,23,-1082.1711415851635,40
0.4,0.5,0.4,8,0,24,-1079.3048122729265,40
0.4,0.5,0.4,8,0,25,-947.9094204491356,40
0.4,0.5,0.4,8,1,0,-611.4241162163703,40
0.4,0.5,0.4,8,1,1,-611.4241162163703,40
0.4,0.5,0.4,8,1,2,-478.31085872749486,40
0.4,0.5,0.4,8,1,3,-611.4241162163703,40
0.4,0.5,0.4,8,1,4,-1422.7337939437787,40
0.4,0.5,0.4,8,1,5,-478.31085872749486,40
0.4,0.5,0.4,8,1,6,-484.770516246987,40
0.4,0.5,0.4,8,1,7,-638.9343500038028,40
0.4,0.5,0.4,8,1,8,-484.770516246987,40
0.4,0.5,0.4,8,1,9,-783.4044836737761,40
0.4,0.5,0.4,8,1,10,-692.7573774799101,40
0.4,0.5,0.4,8,1,11,-899.4676623618784,40
0.4,0.5,0.4,8,1,12,-1437.763767725936,40
0.4,0.5,0.4,8,1,13,-1243.1596548859256,40
0.4,0.5,0.4,8,1,14,-1228.2478626050713,40
0.4,0.5,0.4,8,1,15,-862.3953968628754,40
0.4,0.5,0.4,8,1,16,-644.013867367514,40
0.4,0.5,0.4,8,1,17,-1243.1596548859256,40
0.4,0.5,0.4,8,1,18,-644.013867367514,40
0.4,0.5,0.4,8,1,19,-2290.0124058526694,40
0.4,0.5,0.4,8,1,20,-868.1787921987523,40
0.4,0.5,0.4,8,1,21,-862.3953968628754,40
0.4,0.5,0.4,8,1,22,-884.4838241330473,40
0.4,0.5,0.4,8,1,23,-984.568350896418,40
0.4,0.5,0.4,8,1,24,-1284.185130849089,40
0.4,0.5,0.4,8,1,25,-984.568350896418,40
0.4,0.5,0.4,8,2,0,-1518.3872207855848,40
0.4,0.5,0.4,8,2,1,-1518.3872207855848,40
0.4,0.5,0.4,8,2,2,-1050.3305064130845,40
0.4,0.5,0.4,8,2,3,-1050.3305064130845,40
0.4,0.5,0.4,8,2,4,-1050.3305064130845,40
0.4,0.5,0.4,8,2,5,-698.8849145988355,40
0.4,0.5,0.4,8,2,6,-1066.5014411919356,40
0.4,0.5,0.4,8,2,7,-1050.3305064130845,40
0.4,0.5,0.4,8,2,8,-1050.3305064130845,40
0.4,0.5,0.4,8,2,9,-1794.2235995504914,40
0.4,0.5,0.4,8,2,10,-1794.2235995504914,40
0.4,0.5,0.4,8,2,11,-1065.6582647538285,40
0.4,0.5,0.4,8,2,12,-1426.9328772447384,40
0.4,0.5,0.4,8,2,13,-1124.2937925624,40
0.4,0.5,0.4,8,2,14,-1092.5444465058565,40
0.4,0.5,0.4,8,2,15,-1202.951860697523,40
0.4,0.5,0.4,8,2,16,-1351.849913298216,40
0.4,0.5,0.4,8,2,17,-683.0702613945161,40
0.4,0.5,0.4,8,2,18,-1096.749505975369,40
0.4,0.5,0.4,8,2,19,-1088.494619841344,40
0.4,0.5,0.4,8,2,20,-933.2004479831118,40
0.4,0.5,0.4,8,2,21,-1088.494619841344,40
0.4,0.5,0.4,8,2,22,-1112.678323052212,40
0.4,0.5,0.4,8,2,23,-1088.494619841344,40
0.4,0.5,0.4,8,2,24,-816.5608619392631,40
0.4,0.5,0.4,8,2,25,-1088.494619841344,40
0.4,0.5,0.4,8,3,0,-1391.9509075312722,40
0.4,0.5,0.4,8,3,1,-1391.9509075312722,40
0.4,0.5,0.4,8,3,2,-1391.9509075312722,40
0.4,0.5,0.4,8,3,3,-1391.9509075312722,40
0.4,0.5,0.4,8,3,4,-1391.9509075312722,40
0.4,0.5,0.4,8,3,5,-1463.2824000773646,40
0.4,0.5,0.4,8,3,6,-1440.5261157746022,40
0.4,0.5,0.4,8,3,7,-1577.0323684359423,40
0.4,0.5,0.4,8,3,8,-1490.6035618692545,40
0.4,0.5,0.4,8,3,9,-1437.9560514522113,40
0.4,0.5,0.4,8,3,10,-1759.6904039861167,40
0.4,0.5,0.4,8,3,11,-1488.1699688227327,40
0.4,0.5,0.4,8,3,12,-1978.8755491454488,40
0.4,0.5,0.4,8,3,13,-1386.5477700687552,40
0.4,0.5,0.4,8,3,14,-2166.838784168517,40
0.4,0.5,0.4,8,3,15,-1759.6904039861167,40
0.4,0.5,0.4,8,3,16,-1759.6904039861167,40
0.4,0.5,0.4,8,3,17,-1066.3932910746198,40
0.4,0.5,0.4,8,3,18,-1759.6904039861167,40
0.4,0.5,0.4,8,3,19,-1759.6904039861167,40
0.4,0.5,0.4,8,3,20,-1350.7599676987818,40
0.4,0.5,0.4,8,3,21,-1342.8899728988947,40
0.4,0.5,0.4,8,3,22,-1455.719603730079,40
0.4,0.5,0.4,8,3,23,-1342.8899728988947,40
0.4,0.5,0.4,8,3,24,-1698.7672549445176,40
0.4,0.5,0.4,8,3,25,-1751.7299556450266,40
0.4,0.5,0.4,8,4,0,-1398.641881034298,40
0.4,0.5,0.4,8,4,1,-1365.2802291826692,40
0.4,0.5,0.4,8,4,2,-1365.2802291826692,40
0.4,0.5,0.4,8,4,3,-1394.3860646221685,40
0.4,0.5,0.4,8,4,4,-1991.0223419032025,40
0.4,0.5,0.4,8,4,5,-1391.9509075312722,40
0.4,0.5,0.4,8,4,6,-1844.8589840714392,40
0.4,0.5,0.4,8,4,7,-1584.179569566403,40
0.4,0.5,0.4,8,4,8,-1382.4218243550001,40
0.4,0.5,0.4,8,4,9,-1584.179569566403,40
0.4,0.5,0.4,8,4,10,-1391.9509075312722,40
0.4,0.5,0.4,8,4,11,-1586.3029658715632,40
0.4,0.5,0.4,8,4,12,-1489.3778487207003,40
0.4,0.5,0.4,8,4,13,-1489.3778487207003,40
0.4,0.5,0.4,8,4,14,-1391.9509075312722,40
0.4,0.5,0.4,8,4,15,-1391.9509075312722,40
0.4,0.5,0.4,8,4,16,-1391.9509075312722,40
0.4,0.5,0.4,8,4,17,-1371.559048754747,40
0.4,0.5,0.4,8,4,18,-878.1500853946706,40
0.4,0.5,0.4,8,4,19,-1315.7110568796454,40
0.4,0.5,0.4,8,4,20,-878.1500853946706,40
0.4,0.5,0.4,8,4,21,-878.1500853946706,40
0.4,0.5,0.4,8,4,22,-919.7085943312011,40
0.4,0.5,0.4,8,4,23,-878.1500853946706,40
0.4,0.5,0.4,8,4,24,-878.1500853946706,40
0.4,0.5,0.4,8,4,25,-820.6187563854439,40
0.4,0.7,0.4,8,0,0,-3296.57157292354,40
0.4,0.7,0.4,8,0,1,-1365.656314693565,40
0.4,0.7,0.4,8,0,2,-1391.9509075312722,40
0.4,0.7,0.4,8,0,3,-1532.1325626727648,40
0.4,0.7,0.4,8,0,4,-1391.9509075312722,40
0.4,0.7,0.4,8,0,5,-1391.9509075312722,40
0.4,0.7,0.4,8,0,6,-707.8582216102068,40
0.4,0.7,0.4,8,0,7,-506.4747966175296,40
0.4,0.7,0.4,8,0,8,-506.4747966175296,40
0.4,0.7,0.4,8,0,9,-762.3246490973058,40
0.4,0.7,0.4,8,0,10,-372.8096301076383,40
0.4,0.7,0.4,8,0,11,-384.84516441139874,40
0.4,0.7,0.4,8,0,12,-664.3159051932754,40
0.4,0.7,0.4,8,0,13,-465.6756798604249,40
0.4,0.7,0.4,8,0,14,-594.9137912285422,40
0.4,0.7,0.4,8,0,15,-465.6756798604249,40
0.4,0.7,0.4,8,0,16,-465.6756798604249,40
0.4,0.7,0.4,8,0,17,-309.36068785184546,40
0.4,0.7,0.4,8,0,18,-1071.5290930525816,40
0.4,0.7,0.4,8,0,19,-287.2153932025042,40
0.4,0.7,0.4,8,0,20,-282.15474103953676,40
0.4,0.7,0.4,8,0,21,-100.95313568189587,40
0.4,0.7,0.4,8,0,22,-166.13537233029922,40
0.4,0.7,0.4,8,0,23,-146.97361428924197,40
0.4,0.7,0.4,8,0,24,-158.41522494904348,40
0.4,0.7,0.4,8,0,25,-521.9709584129268,40
0.4,0.7,0.4,8,1,0,-1391.9509075312722,40
0.4,0.7,0.4,8,1,1,-1525.5609711513857,40
0.4,0.7,0.4,8,1,2,-1188.528400532974,40
0.4,0.7,0.4,8,1,3,-1780.319776732157,40
0.4,0.7,0.4,8,1,4,-342.18875357299106,40
0.4,0.7,0.4,8,1,5,-848.3393261782909,40
0.4,0.7,0.4,8,1,6,-361.99016204800364,40
0.4,0.7,0.4,8,1,7,-320.5100577228159,40
0.4,0.7,0.4,8,1,8,-350.0596981018972,40
0.4,0.7,0.4,8,1,9,-350.0596981018972,40
0.4,0.7,0.4,8,1,10,-348.3670070754832,40
0.4,0.7,0.4,8,1,11,-399.3344873128126,40
0.4,0.7,0.4,8,1,12,-350.0596981018972,40
0.4,0.7,0.4,8,1,13,-396.8405011393629,40
0.4,0.7,0.4,8,1,14,-545.9497275650943,40
0.4,0.7,0.4,8,1,15,-545.9497275650943,40
0.4,0.7,0.4,8,1,16,-685.6186692509083,40
0.4,0.7,0.4,8,1,17,-429.92273970061694,40
0.4,0.7,0.4,8,1,18,-429.92273970061694,40
0.4,0.7,0.4,8,1,19,-429.92273970061694,40
0.4,0.7,0.4,8,1,20,-429.92273970061694,40
0.4,0.7,0.4,8,1,21,-429.92273970061694,40
0.4,0.7,0.4,8,1,22,-343.77722291421884,40
0.4,0.7,0.4,8,1,23,-259.7402228848796,40
0.4,0.7,0.4,8,1,24,-362.49732178014233,40
0.4,0.7,0.4,8,1,25,-513.9373188486765,40
0.4,0.7,0.4,8,2,0,-1393.7031213028877,40
0.4,0.7,0.4,8,2,1,-1491.8684155836722,40
0.4,0.7,0.4,8,2,2,-1491.8684155836722,40
0.4,0.7,0.4,8,2,3,-1491.8684155836722,40
0.4,0.7,0.4,8,2,4,-1491.8684155836722,40
0.4,0.7,0.4,8,2,5,-926.6113708081228,40
0.4,0.7,0.4,8,2,6,-533.7723504114651,40
0.4,0.7,0.4,8,2,7,-1468.4466062804877,40
0.4,0.7,0.4,8,2,8,-1370.5816259445821,40
0.4,0.7,0.4,8,2,9,-889.8477615113925,40
0.4,0.7,0.4,8,2,10,-917.0316170335378,40
0.4,0.7,0.4,8,2,11,-917.0316170335378,40
0.4,0.7,0.4,8,2,12,-889.8477615113925,40
0.4,0.7,0.4,8,2,13,-1299.0977260708978,40
0.4,0.7,0.4,8,2,14,-1299.0977260708978,40
0.4,0.7,0.4,8,2,15,-1391.9509075312722,40
0.4,0.7,0.4,8,2,16,-1071.7781433883913,40
0.4,0.7,0.4,8,2,17,-1456.3566541895873,40
0.4,0.7,0.4,8,2,18,-1015.7638545242833,40
0.4,0.7,0.4,8,2,19,-637.9973867753708,40
0.4,0.7,0.4,8,2,20,-936.5006932819022,40
0.4,0.7,0.4,8,2,21,-936.783518573345,40
0.4,0.7,0.4,8,2,22,-936.5006932819022,40
0.4,0.7,0.4,8,2,23,-936.5006932819022,40
0.4,0.7,0.4,8,2,24,-940.6588860179661,40
0.4,0.7,0.4,8,2,25,-936.5006932819022,40
0.4,0.7,0.4,8,3,0,-1391.9509075312722,40
0.4,0.7,0.4,8,3,1,-1391.9509075312722,40
0.4,0.7,0.4,8,3,2,-1391.9509075312722,40
0.4,0.7,0.4,8,3,3,-1391.9509075312722,40
0.4,0.7,0.4,8,3,4,-1391.9509075312722,40
0.4,0.7,0.4,8,3,5,-1391.9509075312722,40
0.4,0.7,0.4,8,3,6,-1391.9509075312722,40
0.4,0.7,0.4,8,3,7,-1391.9509075312722,40
0.4,0.7,0.4,8,3,8,-1391.9509075312722,40
0.4,0.7,0.4,8,3,9,-1391.9509075312722,40
0.4,0.7,0.4,8,3,10,-1391.9509075312722,40
0.4,0.7,0.4,8,3,11,-1391.9509075312722,40
0.4,0.7,0.4,8,3,12,-1391.9509075312722,40
0.4,0.7,0.4,8,3,13,-1391.9509075312722,40
0.4,0.7,0.4,8,3,14,-1391.9509075312722,40
0.4,0.7,0.4,8,3,15,-1391.9509075312722,40
0.4,0.7,0.4,8,3,16,-1391.9509075312722,40
0.4,0.7,0.4,8,3,17,-1391.9509075312722,40
0.4,0.7,0.4,8,3,18,-1391.9509075312722,40
0.4,0.7,0.4,8,3,19,-1391.9509075312722,40
0.4,0.7,0.4,8,3,20,-1391.9509075312722,40
0.4,0.7,0.4,8,3,21,-1391.9509075312722,40
0.4,0.7,0.4,8,3,22,-1391.9509075312722,40
0.4,0.7,0.4,8,3,23,-1391.9509075312722,40
0.4,0.7,0.4,8,3,24,-1391.9509075312722,40
0.4,0.7,0.4,8,3,25,-1391.9509075312722,40
0.4,0.7,0.4,8,4,0,-910.738597246427,40
0.4,0.7,0.4,8,4,1,-910.738597246427,40
0.4,0.7,0.4,8,4,2,-1262.260332388436,40
0.4,0.7,0.4,8,4,3,-932.7949455470255,40
0.4,0.7,0.4,8,4,4,-932.7949455470255,40
0.4,0.7,0.4,8,4,5,-932.7949455470255,40
0.4,0.7,0.4,8,4,6,-932.7949455470255,40
0.4,0.7,0.4,8,4,7,-1466.3925479635052,40
0.4,0.7,0.4,8,4,8,-1466.3925479635052,40
0.4,0.7,0.4,8,4,9,-1223.0488306051043,40
0.4,0.7,0.4,8,4,10,-1223.0488306051043,40
0.4,0.7,0.4,8,4,11,-815.7426219478448,40
0.4,0.7,0.4,8,4,12,-1223.0488306051043,40
0.4,0.7,0.4,8,4,13,-852.027106235704,40
0.4,0.7,0.4,8,4,14,-801.4468421907214,40
0.4,0.7,0.4,8,4,15,-801.4468421907214,40
0.4,0.7,0.4,8,4,16,-441.3944027268881,40
0.4,0.7,0.4,8,4,17,-502.6062679291683,40
0.4,0.7,0.4,8,4,18,-986.6251077315254,40
0.4,0.7,0.4,8,4,19,-370.6524905439942,40
0.4,0.7,0.4,8,4,20,-588.3051992562716,40
0.4,0.7,0.4,8,4,21,-467.62633096006215,40
0.4,0.7,0.4,8,4,22,-588.3051992562716,40
0.4,0.7,0.4,8,4,23,-466.69581432278557,40
0.4,0.7,0.4,8,4,24,-466.69581432278557,40
0.4,0.7,0.4,8,4,25,-373.5315961786149,40
0.4,0.9,0.4,8,0,0,-1459.5529829247064,40
0.4,0.9,0.4,8,0,1,-1459.5529829247064,40
0.4,0.9,0.4,8,0,2,-1501.9523658026847,40
0.4,0.9,0.4,8,0,3,-1459.5529829247064,40
0.4,0.9,0.4,8,0,4,-1459.5529829247064,40
0.4,0.9,0.4,8,0,5,-1543.5527599250709,40
0.4,0.9,0.4,8,0,6,-1391.9509075312722,40
0.4,0.9,0.4,8,0,7,-1543.5527599250709,40
0.4,0.9,0.4,8,0,8,-1163.0474143270728,40
0.4,0.9,0.4,8,0,9,-713.9724340532384,40
0.4,0.9,0.4,8,0,10,-754.7427560998343,40
0.4,0.9,0.4,8,0,11,-686.7756564397729,40
0.4,0.9,0.4,8,0,12,-686.7756564397729,40
0.4,0.9,0.4,8,0,13,-738.1397621216327,40
0.4,0.9,0.4,8,0,14,-686.7756564397729,40
0.4,0.9,0.4,8,0,15,-754.7427560998343,40
0.4,0.9,0.4,8,0,16,-703.888170666045,40
0.4,0.9,0.4,8,0,17,-703.888170666045,40
0.4,0.9,0.4,8,0,18,-686.7756564397729,40
0.4,0.9,0.4,8,0,19,-1322.0330961290717,40
0.4,0.9,0.4,8,0,20,-736.3795582070474,40
0.4,0.9,0.4,8,0,21,-686.7756564397729,40
0.4,0.9,0.4,8,0,22,-1449.294932642938,40
0.4,0.9,0.4,8,0,23,-765.883150201945,40
0.4,0.9,0.4,8,0,24,-795.3473835148585,40
0.4,0.9,0.4,8,0,25,-795.3473835148585,40
0.4,0.9,0.4,8,1,0,-2171.4380592637476,40
0.4,0.9,0.4,8,1,1,-916.8523980571903,40
0.4,0.9,0.4,8,1,2,-1019.584132419304,40
0.4,0.9,0.4,8,1,3,-916.8523980571903,40
0.4,0.9,0.4,8,1,4,-1018.9531067436142,40
0.4,0.9,0.4,8,1,5,-1019.584132419304,40
0.4,0.9,0.4,8,1,6,-1098.2782855425946,40
0.4,0.9,0.4,8,1,7,-1098.2782855425946,40
0.4,0.9,0.4,8,1,8,-2326.8039558012606,40
0.4,0.9,0.4,8,1,9,-1098.2782855425946,40
0.4,0.9,0.4,8,1,10,-1098.2782855425946,40
0.4,0.9,0.4,8,1,11,-1063.0060934129526,40
0.4,0.9,0.4,8,1,12,-1539.3558633107164,40
0.4,0.9,0.4,8,1,13,-1081.8777286049526,40
0.4,0.9,0.4,8,1,14,-1063.0060934129526,40
0.4,0.9,0.4,8,1,15,-1062.1644273254792,40
0.4,0.9,0.4,8,1,16,-982.5344252826349,40
0.4,0.9,0.4,8,1,17,-1116.6012523916265,40
0.4,0.9,0.4,8,1,18,-1072.1249000913922,40
0.4,0.9,0.4,8,1,19,-1116.6012523916265,40
0.4,0.9,0.4,8,1,20,-1116.6012523916265,40
0.4,0.9,0.4,8,1,21,-1116.6012523916265,40
0.4,0.9,0.4,8,1,22,-1929.9146208393136,40
0.4,0.9,0.4,8,1,23,-722.2232316098028,40
0.4,0.9,0.4,8,1,24,-1400.3902286055286,40
0.4,0.9,0.4,8,1,25,-692.5484336415208,40
0.4,0.9,0.4,8,2,0,-1391.9509075312722,40
0.4,0.9,0.4,8,2,1,-1391.9509075312722,40
0.4,0.9,0.4,8,2,2,-1002.1172555483561,40
0.4,0.9,0.4,8,2,3,-1391.9509075312722,40
0.4,0.9,0.4,8,2,4,-1153.7108914322039,40
0.4,0.9,0.4,8,2,5,-1045.1331722114633,40
0.4,0.9,0.4,8,2,6,-838.6256605265959,40
0.4,0.9,0.4,8,2,7,-1053.7141315696695,40
0.4,0.9,0.4,8,2,8,-1153.7108914322039,40
0.4,0.9,0.4,8,2,9,-1053.7141315696695,40
0.4,0.9,0.4,8,2,10,-1153.7108914322039,40
0.4,0.9,0.4,8,2,11,-1152.3730290701742,40
0.4,0.9,0.4,8,2,12,-1152.3730290701742,40
0.4,0.9,0.4,8,2,13,-789.6746055371103,40
0.4,0.9,0.4,8,2,14,-921.9830985220691,40
0.4,0.9,0.4,8,2,15,-921.9830985220691,40
0.4,0.9,0.4,8,2,16,-1133.9554360927527,40
0.4,0.9,0.4,8,2,17,-695.5963109967556,40
0.4,0.9,0.4,8,2,18,-1133.9554360927527,40
0.4,0.9,0.4,8,2,19,-656.8026371647227,40
0.4,0.9,0.4,8,2,20,-708.0526330426827,40
0.4,0.9,0.4,8,2,21,-708.0526330426827,40
0.4,0.9,0.4,8,2,22,-708.0526330426827,40
0.4,0.9,0.4,8,2,23,-502.15733005638356,40
0.4,0.9,0.4,8,2,24,-502.15733005638356,40
0.4,0.9,0.4,8,2,25,-502.15733005638356,40
0.4,0.9,0.4,8,3,0,-2527.4065705741596,40
0.4,0.9,0.4,8,3,1,-2234.7511009749396,40
0.4,0.9,0.4,8,3,2,-1391.9509075312722,40
0.4,0.9,0.4,8,3,3,-1391.1176355368264,40
0.4,0.9,0.4,8,3,4,-1391.1176355368264,40
0.4,0.9,0.4,8,3,5,-1392.4777699036558,40
0.4,0.9,0.4,8,3,6,-1391.1176355368264,40
0.4,0.9,0.4,8,3,7,-1391.1176355368264,40
0.4,0.9,0.4,8,3,8,-1391.1176355368264,40
0.4,0.9,0.4,8,3,9,-1391.1176355368264,40
0.4,0.9,0.4,8,3,10,-1386.4844141597011,40
0.4,0.9,0.4,8,3,11,-1411.769920683735,40
0.4,0.9,0.4,8,3,12,-2812.5150708510937,40
0.4,0.9,0.4,8,3,13,-1444.121862484784,40
0.4,0.9,0.4,8,3,14,-1411.769920683735,40
0.4,0.9,0.4,8,3,15,-1458.1636296717238,40
0.4,0.9,0.4,8,3,16,-896.8988318901754,40
0.4,0.9,0.4,8,3,17,-1474.311952001185,40
0.4,0.9,0.4,8,3,18,-1444.121862484784,40
0.4,0.9,0.4,8,3,19,-1379.3967378024217,40
0.4,0.9,0.4,8,3,20,-1347.3986510237723,40
0.4,0.9,0.4,8,3,21,-1244.0350141572453,40
0.4,0.9,0.4,8,3,22,-517.6904719659669,40
0.4,0.9,0.4,8,3,23,-517.6904719659669,40
0.4,0.9,0.4,8,3,24,-517.9439223511878,40
0.4,0.9,0.4,8,3,25,-272.2609176801985,40
0.4,0.9,0.4,8,4,0,-1586.8985271267097,40
0.4,0.9,0.4,8,4,1,-1398.2239841618457,40
0.4,0.9,0.4,8,4,2,-1391.9509075312722,40
0.4,0.9,0.4,8,4,3,-1021.4490485885019,40
0.4,0.9,0.4,8,4,4,-1051.4561593414533,40
0.4,0.9,0.4,8,4,5,-1051.4561593414533,40
0.4,0.9,0.4,8,4,6,-833.6676174505812,40
0.4,0.9,0.4,8,4,7,-1045.9930192244758,40
0.4,0.9,0.4,8,4,8,-977.7917027495274,40
0.4,0.9,0.4,8,4,9,-1042.3861582923535,40
0.4,0.9,0.4,8,4,10,-1390.4642562645613,40
0.4,0.9,0.4,8,4,11,-1014.2703326059948,40
0.4,0.9,0.4,8,4,12,-1130.7946426784383,40
0.4,0.9,0.4,8,4,13,-1065.1376754014636,40
0.4,0.9,0.4,8,4,14,-877.0835372437174,40
0.4,0.9,0.4,8,4,15,-1070.1880500959976,40
0.4,0.9,0.4,8,4,16,-1036.911011716356,40
0.4,0.9,0.4,8,4,17,-1036.911011716356,40
0.4,0.9,0.4,8,4,18,-1036.911011716356,40
0.4,0.9,0.4,8,4,19,-1036.911011716356,40
0.4,0.9,0.4,8,4,20,-1103.2986956581472,40
0.4,0.9,0.4,8,4,21,-1064.8378347924922,40
0.4,0.9,0.4,8,4,22,-1061.3305787852769,40
0.4,0.9,0.4,8,4,23,-1115.2864246176675,40
0.4,0.9,0.4,8,4,24,-884.5324095654495,40
0.4,0.9,0.4,8,4,25,-1061.3305787852769,40
0.5,0.1,0.4,8,0,0,-1391.9509075312722,40
0.5,0.1,0.4,8,0,1,-1000.234704968383,40
0.5,0.1,0.4,8,0,2,-1000.234704968383,40
0.5,0.1,0.4,8,0,3,-1243.4169506893782,40
0.5,0.1,0.4,8,0,4,-1000.234704968383,40
0.5,0.1,0.4,8,0,5,-775.0562032240773,40
0.5,0.1,0.4,8,0,6,-339.311994430112,40
0.5,0.1,0.4,8,0,7,-339.311994430112,40
0.5,0.1,0.4,8,0,8,-335.50101936582246,40
0.5,0.1,0.4,8,0,9,-334.3498367217578,40
0.5,0.1,0.4,8,0,10,-339.311994430112,40
0.5,0.1,0.4,8,0,11,-339.311994430112,40
0.5,0.1,0.4,8,0,12,-334.3498367217578,40
0.5,0.1,0.4,8,0,13,-334.3498367217578,40
0.5,0.1,0.4,8,0,14,-334.3498367217578,40
0.5,0.1,0.4,8,0,15,-334.3498367217578,40
0.5,0.1,0.4,8,0,16,-376.6347808921553,40
0.5,0.1,0.4,8,0,17,-334.3498367217578,40
0.5,0.1,0.4,8,0,18,-351.1172217673716,40
0.5,0.1,0.4,8,0,19,-376.6347808921553,40
0.5,0.1,0.4,8,0,20,-339.4184650768101,40
0.5,0.1,0.4,8,0,21,-339.4184650768101,40
0.5,0.1,0.4,8,0,22,-416.65936876979083,40
0.5,0.1,0.4,8,0,23,-339.4184650768101,40
0.5,0.1,0.4,8,0,24,-339.4184650768101,40
0.5,0.1,0.4,8,0,25,-335.514045124126,40
0.5,0.3,0.4,8,0,0,-1865.4324674907452,40
0.5,0.3,0.4,8,0,1,-946.9706569257605,40
0.5,0.3,0.4,8,0,2,-946.9706569257605,40
0.5,0.3,0.4,8,0,3,-946.9706569257605,40
0.5,0.3,0.4,8,0,4,-1369.4677552484295,40
0.5,0.3,0.4,8,0,5,-943.7974678261753,40
0.5,0.3,0.4,8,0,6,-925.4391432185703,40
0.5,0.3,0.4,8,0,7,-991.250648779412,40
0.5,0.3,0.4,8,0,8,-946.9706569257605,40
0.5,0.3,0.4,8,0,9,-1329.114043527169,40
0.5,0.3,0.4,8,0,10,-1036.827266804824,40
0.5,0.3,0.4,8,0,11,-946.8520823325243,40
0.5,0.3,0.4,8,0,12,-946.8520823325243,40
0.5,0.3,0.4,8,0,13,-943.1801630363886,40
0.5,0.3,0.4,8,0,14,-2052.17914457148,40
0.5,0.3,0.4,8,0,15,-598.465263784173,40
0.5,0.3,0.4,8,0,16,-268.77540536587605,40
0.5,0.3,0.4,8,0,17,-262.1610790342437,40
0.5,0.3,0.4,8,0,18,-494.8110592189447,40
0.5,0.3,0.4,8,0,19,-262.06798598498153,40
0.5,0.3,0.4,8,0,20,-258.2460822406988,40
0.5,0.3,0.4,8,0,21,-854.0318235276336,40
0.5,0.3,0.4,8,0,22,-854.0318235276336,40
0.5,0.3,0.4,8,0,23,-179.07056977827204,40
0.5,0.3,0.4,8,0,24,-179.07056977827204,40
0.5,0.3,0.4,8,0,25,241.07836995690153,40
0.5,0.5,0.4,8,0,0,-1211.5390300650597,40
0.5,0.5,0.4,8,0,1,-1392.4777699036558,40
0.5,0.5,0.4,8,0,2,-1391.9509075312722,40
0.5,0.5,0.4,8,0,3,-1398.2239841618457,40
0.5,0.5,0.4,8,0,4,-1391.9509075312722,40
0.5,0.5,0.4,8,0,5,-1391.9509075312722,40
0.5,0.5,0.4,8,0,6,-1391.9509075312722,40
0.5,0.5,0.4,8,0,7,-1391.9509075312722,40
0.5,0.5,0.4,8,0,8,-1391.9509075312722,40
0.5,0.5,0.4,8,0,9,-1392.366610638809,40
0.5,0.5,0.4,8,0,10,-1391.9509075312722,40
0.5,0.5,0.4,8,0,11,-1391.9509075312722,40
0.5,0.5,0.4,8,0,12,-1391.9509075312722,40
0.5,0.5,0.4,8,0,13,-1391.9509075312722,40
0.5,0.5,0.4,8,0,14,-1391.9509075312722,40
0.5,0.5,0.4,8,0,15,-1391.9509075312722,40
0.5,0.5,0.4,8,0,16,-1393.2170050604486,40
0.5,0.5,0.4,8,0,17,-1396.7440633973388,40
0.5,0.5,0.4,8,0,18,-1391.9509075312722,40
0.5,0.5,0.4,8,0,19,-1399.928073558065,40
0.5,0.5,0.4,8,0,20,-1391.9509075312722,40
0.5,0.5,0.4,8,0,21,-1395.3990619702372,40
0.5,0.5,0.4,8,0,22,-1415.3626742494043,40
0.5,0.5,0.4,8,0,23,-1399.0967050328313,40
0.5,0.5,0.4,8,0,24,-1397.2028175897512,40
0.5,0.5,0.4,8,0,25,-1396.03173256032,40
0.5,0.7,0.4,8,0,0,-1587.9959015780457,40
0.5,0.7,0.4,8,0,1,-1391.9509075312722,40
0.5,0.7,0.4,8,0,2,-1391.9509075312722,40
0.5,0.7,0.4,8,0,3,-1391.9509075312722,40
0.5,0.7,0.4,8,0,4,-1329.2988051455322,40
0.5,0.7,0.4,8,0,5,-1391.9509075312722,40
0.5,0.7,0.4,8,0,6,-1391.9509075312722,40
0.5,0.7,0.4,8,0,7,-1186.8171184173395,40
0.5,0.7,0.4,8,0,8,-1010.7017319208865,40
0.5,0.7,0.4,8,0,9,-1029.3147270312397,40
0.5,0.7,0.4,8,0,10,-1035.7437815233566,40
0.5,0.7,0.4,8,0,11,-1010.7017319208865,40
0.5,0.7,0.4,8,0,12,348.6928117507799,40
0.5,0.7,0.4,8,0,13,348.6928117507799,40
0.5,0.7,0.4,8,0,14,348.6928117507799,40
0.5,0.7,0.4,8,0,15,356.97706503380357,40
0.5,0.7,0.4,8,0,16,13.913325094938926,40
0.5,0.7,0.4,8,0,17,348.6928117507799,40
0.5,0.7,0.4,8,0,18,776.1572193329818,40
0.5,0.7,0.4,8,0,19,-3331.256640402765,40
0.5,0.7,0.4,8,0,20,688.0630241698155,40
0.5,0.7,0.4,8,0,21,608.5877476713727,40
0.5,0.7,0.4,8,0,22,620.2059093815092,40
0.5,0.7,0.4,8,0,23,774.4399336496964,40
0.5,0.7,0.4,8,0,24,773.7911114895348,40
0.5,0.7,0.4,8,0,25,773.250245669575,40
0.5,0.9,0.4,8,0,0,-1494.4199664166026,40
0.5,0.9,0.4,8,0,1,-1401.2849661245648,40
0.5,0.9,0.4,8,0,2,-1775.3923275093944,40
0.5,0.9,0.4,8,0,3,-1169.7755223483405,40
0.5,0.9,0.4,8,0,4,-1169.7755223483405,40
0.5,0.9,0.4,8,0,5,-1168.3696084450567,40
0.5,0.9,0.4,8,0,6,-1179.3238384964602,40
0.5,0.9,0.4,8,0,7,-1158.2753600104213,40
0.5,0.9,0.4,8,0,8,-1158.2753600104213,40
0.5,0.9,0.4,8,0,9,-1158.2753600104213,40
0.5,0.9,0.4,8,0,10,-1158.2753600104213,40
0.5,0.9,0.4,8,0,11,-1095.4197251423443,40
0.5,0.9,0.4,8,0,12,-1017.2821508929362,40
0.5,0.9,0.4,8,0,13,-1017.2821508929362,40
0.5,0.9,0.4,8,0,14,-1150.9966010853027,40
0.5,0.9,0.4,8,0,15,-1150.9966010853027,40
0.5,0.9,0.4,8,0,16,-1070.5734949053153,40
0.5,0.9,0.4,8,0,17,-1125.0675008901617,40
0.5,0.9,0.4,8,0,18,-1120.9498347505755,40
0.5,0.9,0.4,8,0,19,-1118.1477626033968,40
0.5,0.9,0.4,8,0,20,-1118.1477626033968,40
0.5,0.9,0.4,8,0,21,-952.366972279247,40
0.5,0.9,0.4,8,0,22,-952.366972279247,40
0.5,0.9,0.4,8,0,23,-953.3950511088188,40
0.5,0.9,0.4,8,0,24,-907.343181495319,40
0.5,0.9,0.4,8,0,25,-1488.4041918839757,40
0.5,0.1,0.4,8,0,0,-1395.3990619702372,40
0.5,0.1,0.4,8,0,1,-933.2382805534559,40
0.5,0.1,0.4,8,0,2,-914.6211292854647,40
0.5,0.1,0.4,8,0,3,-914.6211292854647,40
0.5,0.1,0.4,8,0,4,-933.2382805534559,40
0.5,0.1,0.4,8,0,5,-584.5906787399203,40
0.5,0.1,0.4,8,0,6,-933.2382805534559,40
0.5,0.1,0.4,8,0,7,-584.5906787399203,40
0.5,0.1,0.4,8,0,8,-322.1822056189544,40
0.5,0.1,0.4,8,0,9,-322.1822056189544,40
0.5,0.1,0.4,8,0,10,-330.7199595253445,40
0.5,0.1,0.4,8,0,11,-322.1822056189544,40
0.5,0.1,0.4,8,0,12,-399.7403089548391,40
0.5,0.1,0.4,8,0,13,-399.7403089548391,40
0.5,0.1,0.4,8,0,14,-399.7403089548391,40
0.5,0.1,0.4,8,0,15,-399.7403089548391,40
0.5,0.1,0.4,8,0,16,-344.0131101700276,40
0.5,0.1,0.4,8,0,17,-399.7403089548391,40
0.5,0.1,0.4,8,0,18,-399.7403089548391,40
0.5,0.1,0.4,8,0,19,-399.7403089548391,40
0.5,0.1,0.4,8,0,20,-399.7403089548391,40
0.5,0.1,0.4,8,0,21,-352.01187849270536,40
0.5,0.1,0.4,8,0,22,-387.6246480897951,40
0.5,0.1,0.4,8,0,23,-387.6246480897951,40
0.5,0.1,0.4,8,0,24,-385.45400564878224,40
0.5,0.1,0.4,8,0,25,-242.43802857550833,40
0.5,0.3,0.4,8,0,0,-1182.8266063013155,40
0.5,0.3,0.4,8,0,1,-1391.9509075312722,40
0.5,0.3,0.4,8,0,2,-442.62911963826315,40
0.5,0.3,0.4,8,0,3,-459.95929995356386,40
0.5,0.3,0.4,8,0,4,-111.73765552915634,40
0.5,0.3,0.4,8,0,5,-672.008896341925,40
0.5,0.3,0.4,8,0,6,-378.4644079847578,40
0.5,0.3,0.4,8,0,7,-224.37878086174396,40
0.5,0.3,0.4,8,0,8,-734.6148737834542,40
0.5,0.3,0.4,8,0,9,-224.37878086174396,40
0.5,0.3,0.4,8,0,10,-266.5772395306448,40
0.5,0.3,0.4,8,0,11,-777.1084409971934,40
0.5,0.3,0.4,8,0,12,-760.2359712061857,40
0.5,0.3,0.4,8,0,13,-1552.1230294217983,40
0.5,0.3,0.4,8,0,14,-1037.1997247027327,40
0.5,0.3,0.4,8,0,15,-553.5335320388616,40
0.5,0.3,0.4,8,0,16,-378.4644079847578,40
0.5,0.3,0.4,8,0,17,-682.4944779897639,40
0.5,0.3,0.4,8,0,18,-418.1118812224101,40
0.5,0.3,0.4,8,0,19,-613.8803710123053,40
0.5,0.3,0.4,8,0,20,-418.1118812224101,40
0.5,0.3,0.4,8,0,21,-73.44156324699071,40
0.5,0.3,0.4,8,0,22,-60.679993957930435,40
0.5,0.3,0.4,8,0,23,-578.2167040227191,40
0.5,0.3,0.4,8,0,24,-181.3934094820691,40
0.5,0.3,0.4,8,0,25,-656.1425433305473,40
0.5,0.5,0.4,8,0,0,-1388.1539939419592,40
0.5,0.5,0.4,8,0,1,-1400.7851081390188,40
0.5,0.5,0.4,8,0,2,-1270.2577767547866,40
0.5,0.5,0.4,8,0,3,-1199.3295089954822,40
0.5,0.5,0.4,8,0,4,-735.7341048745299,40
0.5,0.5,0.4,8,0,5,-678.5293880438645,40
0.5,0.5,0.4,8,0,6,-2070.1363653416684,40
0.5,0.5,0.4,8,0,7,-2070.1363653416684,40
0.5,0.5,0.4,8,0,8,-607.2518436928183,40
0.5,0.5,0.4,8,0,9,-724.3320642984957,40
0.5,0.5,0.4,8,0,10,-563.6934783753857,40
0.5,0.5,0.4,8,0,11,-548.7139759874411,40
0.5,0.5,0.4,8,0,12,-532.4400627633476,40
0.5,0.5,0.4,8,0,13,-533.0688403108517,40
0.5,0.5,0.4,8,0,14,-570.781929787136,40
0.5,0.5,0.4,8,0,15,-168.2605450370597,40
0.5,0.5,0.4,8,0,16,-168.2605450370597,40
0.5,0.5,0.4,8,0,17,-164.80058472407407,40
0.5,0.5,0.4,8,0,18,-204.2858662105188,40
0.5,0.5,0.4,8,0,19,-112.74899904051287,40
0.5,0.5,0.4,8,0,20,-199.36138611247344,40
0.5,0.5,0.4,8,0,21,-147.10807857175084,40
0.5,0.5,0.4,8,0,22,-147.10807857175084,40
0.5,0.5,0.4,8,0,23,-142.8519807821232,40
0.5,0.5,0.4,8,0,24,-123.52805818092692,40
0.5,0.5,0.4,8,0,25,-670.488946767107,40
0.5,0.7,0.4,8,0,0,-1391.9509075312722,40
0.5,0.7,0.4,8,0,1,-1479.4133060738413,40
0.5,0.7,0.4,8,0,2,-1365.6846471086455,40
0.5,0.7,0.4,8,0,3,-1391.9509075312722,40
0.5,0.7,0.4,8,0,4,-1391.9509075312722,40
0.5,0.7,0.4,8,0,5,-1391.9509075312722,40
0.5,0.7,0.4,8,0,6,-1391.9509075312722,40
0.5,0.7,0.4,8,0,7,-1391.9509075312722,40
0.5,0.7,0.4,8,0,8,-1394.1959870301534,40
0.5,0.7,0.4,8,0,9,-1391.9509075312722,40
0.5,0.7,0.4,8,0,10,-1391.9509075312722,40
0.5,0.7,0.4,8,0,11,-1391.9509075312722,40
0.5,0.7,0.4,8,0,12,-1391.9509075312722,40
0.5,0.7,0.4,8,0,13,-1391.9509075312722,40
0.5,0.7,0.4,8,0,14,-1391.9509075312722,40
0.5,0.7,0.4,8,0,15,-1391.9509075312722,40
0.5,0.7,0.4,8,0,16,-1391.9509075312722,40
0.5,0.7,0.4,8,0,17,-1391.9509075312722,40
0.5,0.7,0.4,8,0,18,-1395.209843062633,40
0.5,0.7,0.4,8,0,19,-1391.9509075312722,40
0.5,0.7,0.4,8,0,20,-1391.9509075312722,40
0.5,0.7,0.4,8,0,21,-1391.9509075312722,40
0.5,0.7,0.4,8,0,22,-1391.9509075312722,40
0.5,0.7,0.4,8,0,23,-1391.9509075312722,40
0.5,0.7,0.4,8,0,24,-1391.9509075312722,40
0.5,0.7,0.4,8,0,25,-1423.0395256359368,40
0.5,0.9,0.4,8,0,0,-1391.9509075312722,40
0.5,0.9,0.4,8,0,1,-791.6406257262067,40
0.5,0.9,0.4,8,0,2,-681.032215025019,40
0.5,0.9,0.4,8,0,3,-790.3852608409225,40
0.5,0.9,0.4,8,0,4,-1477.3494043638061,40
0.5,0.9,0.4,8,0,5,-530.4840667577989,40
0.5,0.9,0.4,8,0,6,-701.000091505707,40
0.5,0.9,0.4,8,0,7,-506.504822502731,40
0.5,0.9,0.4,8,0,8,-497.9530755030119,40
0.5,0.9,0.4,8,0,9,-372.2447922942209,40
0.5,0.9,0.4,8,0,10,-456.75697161111066,40
0.5,0.9,0.4,8,0,11,-456.75697161111066,40
0.5,0.9,0.4,8,0,12,-269.1598533099272,40
0.5,0.9,0.4,8,0,13,-403.6458089012279,40
0.5,0.9,0.4,8,0,14,-402.2695428105636,40
0.5,0.9,0.4,8,0,15,-220.52449344905133,40
0.5,0.9,0.4,8,0,16,-223.31811560063082,40
0.5,0.9,0.4,8,0,17,-236.79447524965127,40
0.5,0.9,0.4,8,0,18,-386.5820976378804,40
0.5,0.9,0.4,8,0,19,-386.5820976378804,40
0.5,0.9,0.4,8,0,20,-230.55231434529784,40
0.5,0.9,0.4,8,0,21,-276.20548298618576,40
0.5,0.9,0.4,8,0,22,-270.2962008281524,40
0.5,0.9,0.4,8,0,23,-326.8716341942577,40
0.5,0.9,0.4,8,0,24,-258.9088302477729,40
0.5,0.9,0.4,8,0,25,-271.95495258390963,40
0.5,0.1,0.4,8,0,0,-1388.5361762785055,40
0.5,0.1,0.4,8,0,1,-1972.71447255798,40
0.5,0.1,0.4,8,0,2,-1482.060043564599,40
0.5,0.1,0.4,8,0,3,-1388.5361762785055,40
0.5,0.1,0.4,8,0,4,-1388.5361762785055,40
0.5,0.1,0.4,8,0,5,-1388.5361762785055,40
0.5,0.1,0.4,8,0,6,-1375.3577079409774,40
0.5,0.1,0.4,8,0,7,-1459.9399944701552,40
0.5,0.1,0.4,8,0,8,-1459.9399944701552,40
0.5,0.1,0.4,8,0,9,-895.171972249261,40
0.5,0.1,0.4,8,0,10,-895.171972249261,40
0.5,0.1,0.4,8,0,11,-895.171972249261,40
0.5,0.1,0.4,8,0,12,-840.0798353562031,40
0.5,0.1,0.4,8,0,13,-895.171972249261,40
0.5,0.1,0.4,8,0,14,-343.87438018072214,40
0.5,0.1,0.4,8,0,15,-343.87438018072214,40
0.5,0.1,0.4,8,0,16,-820.148927968783,40
0.5,0.1,0.4,8,0,17,-823.9188309833282,40
0.5,0.1,0.4,8,0,18,-553.8298169223834,40
0.5,0.1,0.4,8,0,19,-843.3160961835666,40
0.5,0.1,0.4,8,0,20,-343.87438018072214,40
0.5,0.1,0.4,8,0,21,-502.58024183492245,40
0.5,0.1,0.4,8,0,22,-321.2455895611363,40
0.5,0.1,0.4,8,0,23,-74.9178080689667,40
0.5,0.1,0.4,8,0,24,-74.9178080689667,40
0.5,0.1,0.4,8,0,25,-74.9178080689667,40
0.5,0.3,0.4,8,0,0,-1403.045417640388,40
0.5,0.3,0.4,8,0,1,-1391.9509075312722,40
0.5,0.3,0.4,8,0,2,-1342.1356019028165,40
0.5,0.3,0.4,8,0,3,-1395.0242536356382,40
0.5,0.3,0.4,8,0,4,-10363.773268031808,40
0.5,0.3,0.4,8,0,5,-1391.9509075312722,40
0.5,0.3,0.4,8,0,6,-1393.2041644131527,40
0.5,0.3,0.4,8,0,7,-1394.7751192482801,40
0.5,0.3,0.4,8,0,8,-1399.9388164604034,40
0.5,0.3,0.4,8,0,9,-1399.9388164604034,40
0.5,0.3,0.4,8,0,10,-1389.749223318584,40
0.5,0.3,0.4,8,0,11,-1389.749223318584,40
0.5,0.3,0.4,8,0,12,-1353.7008889983,40
0.5,0.3,0.4,8,0,13,-1389.749223318584,40
0.5,0.3,0.4,8,0,14,-1378.357255315685,40
0.5,0.3,0.4,8,0,15,-1353.7008889983,40
0.5,0.3,0.4,8,0,16,-1394.7751192482801,40
0.5,0.3,0.4,8,0,17,-1409.870103703864,40
0.5,0.3,0.4,8,0,18,-1394.7751192482801,40
0.5,0.3,0.4,8,0,19,-1394.7751192482801,40
0.5,0.3,0.4,8,0,20,-1397.5546370735376,40
0.5,0.3,0.4,8,0,21,-1473.7033131424482,40
0.5,0.3,0.4,8,0,22,-1473.7033131424482,40
0.5,0.3,0.4,8,0,23,-1473.7033131424482,40
0.5,0.3,0.4,8,0,24,-1473.7033131424482,40
0.5,0.3,0.4,8,0,25,-1093.7268486958324,40
0.5,0.5,0.4,8,0,0,-1543.9430078173882,40
0.5,0.5,0.4,8,0,1,-1398.2239841618457,40
0.5,0.5,0.4,8,0,2,-1391.9509075312722,40
0.5,0.5,0.4,8,0,3,-986.6476398517402,40
0.5,0.5,0.4,8,0,4,-766.8969637630811,40
0.5,0.5,0.4,8,0,5,-969.1643379708803,40
0.5,0.5,0.4,8,0,6,-969.1643379708803,40
0.5,0.5,0.4,8,0,7,-969.1643379708803,40
0.5,0.5,0.4,8,0,8,-1018.1926973274532,40
0.5,0.5,0.4,8,0,9,-1018.1926973274532,40
0.5,0.5,0.4,8,0,10,-1018.1926973274532,40
0.5,0.5,0.4,8,0,11,-808.9159508936017,40
0.5,0.5,0.4,8,0,12,-969.1643379708803,40
0.5,0.5,0.4,8,0,13,-1048.135011465484,40
0.5,0.5,0.4,8,0,14,-1032.329934332706,40
0.5,0.5,0.4,8,0,15,-966.1220135672302,40
0.5,0.5,0.4,8,0,16,-557.4257929416019,40
0.5,0.5,0.4,8,0,17,-557.4257929416019,40
0.5,0.5,0.4,8,0,18,-557.4257929416019,40
0.5,0.5,0.4,8,0,19,-498.07440988436616,40
0.5,0.5,0.4,8,0,20,-498.07440988436616,40
0.5,0.5,0.4,8,0,21,-484.43339133928276,40
0.5,0.5,0.4,8,0,22,-389.67414863233614,40
0.5,0.5,0.4,8,0,23,-581.2279193053799,40
0.5,0.5,0.4,8,0,24,-703.9041063827269,40
0.5,0.5,0.4,8,0,25,-389.67414863233614,40
0.5,0.7,0.4,8,0,0,-1391.9509075312722,40
0.5,0.7,0.4,8,0,1,-2093.752559309251,40
0.5,0.7,0.4,8,0,2,-1391.9509075312722,40
0.5,0.7,0.4,8,0,3,-1166.8447248118496,40
0.5,0.7,0.4,8,0,4,-1386.4844141597011,40
0.5,0.7,0.4,8,0,5,-2098.1172418437372,40
0.5,0.7,0.4,8,0,6,-1357.9030200419477,40
0.5,0.7,0.4,8,0,7,-1357.9030200419477,40
0.5,0.7,0.4,8,0,8,-1319.7664609277617,40
0.5,0.7,0.4,8,0,9,-1265.6968971156227,40
0.5,0.7,0.4,8,0,10,-1319.7664609277617,40
0.5,0.7,0.4,8,0,11,-1168.0938329197331,40
0.5,0.7,0.4,8,0,12,-1168.0938329197331,40
0.5,0.7,0.4,8,0,13,-1291.6445064091874,40
0.5,0.7,0.4,8,0,14,-1270.6403351860135,40
0.5,0.7,0.4,8,0,15,-1536.0065525187856,40
0.5,0.7,0.4,8,0,16,-1029.722496721275,40
0.5,0.7,0.4,8,0,17,-959.5591141711659,40
0.5,0.7,0.4,8,0,18,-1071.15218509303,40
0.5,0.7,0.4,8,0,19,-782.7585871110053,40
0.5,0.7,0.4,8,0,20,-1104.7160602250963,40
0.5,0.7,0.4,8,0,21,-2544.334302574489,40
0.5,0.7,0.4,8,0,22,-1127.2865465338105,40
0.5,0.7,0.4,8,0,23,-738.9048989489849,40
0.5,0.7,0.4,8,0,24,-738.9048989489849,40
0.5,0.7,0.4,8,0,25,-918.2554464185362,40
0.5,0.9,0.4,8,0,0,-830.8488274379307,40
0.5,0.9,0.4,8,0,1,-701.173937870152,40
0.5,0.9,0.4,8,0,2,-551.0095072529188,40
0.5,0.9,0.4,8,0,3,-408.24305707085085,40
0.5,0.9,0.4,8,0,4,-507.39446691596777,40
0.5,0.9,0.4,8,0,5,-2157.5355783465034,40
0.5,0.9,0.4,8,0,6,-181.98150626841252,40
0.5,0.9,0.4,8,0,7,-391.499605223029,40
0.5,0.9,0.4,8,0,8,-1136.4587473230874,40
0.5,0.9,0.4,8,0,9,-1136.4587473230874,40
0.5,0.9,0.4,8,0,10,-405.6283903240772,40
0.5,0.9,0.4,8,0,11,-654.2887756926918,40
0.5,0.9,0.4,8,0,12,-360.1216188351197,40
0.5,0.9,0.4,8,0,13,-819.6776437306293,40
0.5,0.9,0.4,8,0,14,-469.76387509221524,40
0.5,0.9,0.4,8,0,15,-469.76387509221524,40
0.5,0.9,0.4,8,0,16,-494.35405857441435,40
0.5,0.9,0.4,8,0,17,-477.6215867767257,40
0.5,0.9,0.4,8,0,18,-494.35405857441435,40
0.5,0.9,0.4,8,0,19,-962.8292624461582,40
0.5,0.9,0.4,8,0,20,-1493.810869584809,40
0.5,0.9,0.4,8,0,21,-637.1054101556887,40
0.5,0.9,0.4,8,0,22,-1270.0121323555861,40
0.5,0.9,0.4,8,0,23,-560.7809871891621,40
0.5,0.9,0.4,8,0,24,-560.7809871891621,40
0.5,0.9,0.4,8,0,25,-520.9652327695493,40
0.5,0.1,0.4,8,0,0,-1696.9732704886378,40
0.5,0.1,0.4,8,0,1,-2247.441259177451,40
0.5,0.1,0.4,8,0,2,-1160.383826280167,40
0.5,0.1,0.4,8,0,3,-1819.720689964122,40
0.5,0.1,0.4,8,0,4,-1819.720689964122,40
0.5,0.1,0.4,8,0,5,-1819.720689964122,40
0.5,0.1,0.4,8,0,6,-1212.005523575682,40
0.5,0.1,0.4,8,0,7,-1819.720689964122,40
0.5,0.1,0.4,8,0,8,-1766.040104164622,40
0.5,0.1,0.4,8,0,9,-1626.704689825373,40
0.5,0.1,0.4,8,0,10,-1626.704689825373,40
0.5,0.1,0.4,8,0,11,-1626.704689825373,40
0.5,0.1,0.4,8,0,12,-1626.704689825373,40
0.5,0.1,0.4,8,0,13,-1626.704689825373,40
0.5,0.1,0.4,8,0,14,-1072.1954366943773,40
0.5,0.1,0.4,8,0,15,-1194.7208007888034,40
0.5,0.1,0.4,8,0,16,-1072.1954366943773,40
0.5,0.1,0.4,8,0,17,-1072.1954366943773,40
0.5,0.1,0.4,8,0,18,-972.5625944688231,40
0.5,0.1,0.4,8,0,19,-929.4511825805506,40
0.5,0.1,0.4,8,0,20,-929.4511825805506,40
0.5,0.1,0.4,8,0,21,-1298.2540331307835,40
0.5,0.1,0.4,8,0,22,-1298.2540331307835,40
0.5,0.1,0.4,8,0,23,-1298.2540331307835,40
0.5,0.1,0.4,8,0,24,-1298.2540331307835,40
0.5,0.1,0.4,8,0,25,-1298.2540331307835,40
0.5,0.3,0.4,8,0,0,-1391.9509075312722,40
0.5,0.3,0.4,8,0,1,-1391.9509075312722,40
0.5,0.3,0.4,8,0,2,-1391.9509075312722,40
0.5,0.3,0.4,8,0,3,-1391.9509075312722,40
0.5,0.3,0.4,8,0,4,-1391.6463691482286,40
0.5,0.3,0.4,8,0,5,-1391.9509075312722,40
0.5,0.3,0.4,8,0,6,-1391.9509075312722,40
0.5,0.3,0.4,8,0,7,-1446.8238547787694,40
0.5,0.3,0.4,8,0,8,-1414.049045515625,40
0.5,0.3,0.4,8,0,9,-1391.9509075312722,40
0.5,0.3,0.4,8,0,10,-1265.4894022022431,40
0.5,0.3,0.4,8,0,11,-1265.4894022022431,40
0.5,0.3,0.4,8,0,12,-1390.4087765430043,40
0.5,0.3,0.4,8,0,13,-1332.7152159017494,40
0.5,0.3,0.4,8,0,14,-1021.5170075211944,40
0.5,0.3,0.4,8,0,15,-1265.4894022022431,40
0.5,0.3,0.4,8,0,16,-1019.5105122034786,40
0.5,0.3,0.4,8,0,17,-1019.5105122034786,40
0.5,0.3,0.4,8,0,18,-1019.5105122034786,40
0.5,0.3,0.4,8,0,19,-493.4316647502388,40
0.5,0.3,0.4,8,0,20,-1019.9487444617677,40
0.5,0.3,0.4,8,0,21,-1854.8860746178052,40
0.5,0.3,0.4,8,0,22,-343.1575662237537,40
0.5,0.3,0.4,8,0,23,-343.1575662237537,40
0.5,0.3,0.4,8,0,24,-565.1511917677119,40
0.5,0.3,0.4,8,0,25,-1073.7560106129758,40
0.5,0.5,0.4,8,0,0,-1391.9509075312722,40
0.5,0.5,0.4,8,0,1,-1391.9509075312722,40
0.5,0.5,0.4,8,0,2,-1391.9509075312722,40
0.5,0.5,0.4,8,0,3,-1391.9509075312722,40
0.5,0.5,0.4,8,0,4,-1391.9509075312722,40
0.5,0.5,0.4,8,0,5,-1436.4869504920755,40
0.5,0.5,0.4,8,0,6,-3215.468005065396,40
0.5,0.5,0.4,8,0,7,-2681.2139157205047,40
0.5,0.5,0.4,8,0,8,-1132.4363398149053,40
0.5,0.5,0.4,8,0,9,-1203.0232108660657,40
0.5,0.5,0.4,8,0,10,-1066.7594023208878,40
0.5,0.5,0.4,8,0,11,-1099.9650197669534,40
0.5,0.5,0.4,8,0,12,-1102.5043055431838,40
0.5,0.5,0.4,8,0,13,-1321.5957959747789,40
0.5,0.5,0.4,8,0,14,-1321.5957959747789,40
0.5,0.5,0.4,8,0,15,-1129.7882205816495,40
0.5,0.5,0.4,8,0,16,-1164.1098260514468,40
0.5,0.5,0.4,8,0,17,-1164.1098260514468,40
0.5,0.5,0.4,8,0,18,-1189.734136645191,40
0.5,0.5,0.4,8,0,19,-950.1170339448361,40
0.5,0.5,0.4,8,0,20,-978.4662150040552,40
0.5,0.5,0.4,8,0,21,-941.2234213865355,40
0.5,0.5,0.4,8,0,22,-994.0381841015011,40
0.5,0.5,0.4,8,0,23,-994.0381841015011,40
0.5,0.5,0.4,8,0,24,-781.8937146834519,40
0.5,0.5,0.4,8,0,25,-962.6689337403868,40
0.5,0.7,0.4,8,0,0,-1391.9509075312722,40
0.5,0.7,0.4,8,0,1,-1391.9509075312722,40
0.5,0.7,0.4,8,0,2,-1127.4333351300718,40
0.5,0.7,0.4,8,0,3,-1391.9509075312722,40
0.5,0.7,0.4,8,0,4,-1391.9509075312722,40
0.5,0.7,0.4,8,0,5,-1391.9509075312722,40
0.5,0.7,0.4,8,0,6,-1391.9509075312722,40
0.5,0.7,0.4,8,0,7,-1391.9509075312722,40
0.5,0.7,0.4,8,0,8,-1391.9509075312722,40
0.5,0.7,0.4,8,0,9,-1391.9509075312722,40
0.5,0.7,0.4,8,0,10,-1391.9509075312722,40
0.5,0.7,0.4,8,0,11,-1391.9509075312722,40
0.5,0.7,0.4,8,0,12,-1335.0461615019494,40
0.5,0.7,0.4,8,0,13,-1274.0226700629173,40
0.5,0.7,0.4,8,0,14,-1391.9509075312722,40
0.5,0.7,0.4,8,0,15,-1391.9509075312722,40
0.5,0.7,0.4,8,0,16,-1391.9509075312722,40
0.5,0.7,0.4,8,0,17,-1391.9509075312722,40
0.5,0.7,0.4,8,0,18,-1391.9509075312722,40
0.5,0.7,0.4,8,0,19,-1391.9509075312722,40
0.5,0.7,0.4,8,0,20,-1391.9509075312722,40
0.5,0.7,0.4,8,0,21,-1391.9509075312722,40
0.5,0.7,0.4,8,0,22,-1391.9509075312722,40
0.5,0.7,0.4,8,0,23,-1391.9509075312722,40
0.5,0.7,0.4,8,0,24,-1391.9509075312722,40
0.5,0.7,0.4,8,0,25,-1391.9509075312722,40
0.5,0.9,0.4,8,0,0,-1329.692797292761,40
0.5,0.9,0.4,8,0,1,-1391.9509075312722,40
0.5,0.9,0.4,8,0,2,-1392.5551759696518,40
0.5,0.9,0.4,8,0,3,-1014.2531763619418,40
0.5,0.9,0.4,8,0,4,-1188.004458777781,40
0.5,0.9,0.4,8,0,5,-1372.4323720746706,40
0.5,0.9,0.4,8,0,6,-1333.8589130434011,40
0.5,0.9,0.4,8,0,7,-1333.8589130434011,40
0.5,0.9,0.4,8,0,8,-1681.1327517618997,40
0.5,0.9,0.4,8,0,9,-1047.5124959751656,40
0.5,0.9,0.4,8,0,10,-918.0779388474466,40
0.5,0.9,0.4,8,0,11,-1012.3986907550446,40
0.5,0.9,0.4,8,0,12,-2043.604024745709,40
0.5,0.9,0.4,8,0,13,-1012.3986907550446,40
0.5,0.9,0.4,8,0,14,-627.1126323692873,40
0.5,0.9,0.4,8,0,15,-1009.0340318005624,40
0.5,0.9,0.4,8,0,16,-1009.0340318005624,40
0.5,0.9,0.4,8,0,17,-1110.7792085753854,40
0.5,0.9,0.4,8,0,18,-361.50594361085734,40
0.5,0.9,0.4,8,0,19,-1197.630574936418,40
0.5,0.9,0.4,8,0,20,-2142.106935741619,40
0.5,0.9,0.4,8,0,21,-2142.106935741619,40
0.5,0.9,0.4,8,0,22,-2142.106935741619,40
0.5,0.9,0.4,8,0,23,-2142.106935741619,40
0.5,0.9,0.4,8,0,24,-1636.2923058714578,40
0.5,0.9,0.4,8,0,25,-1636.2923058714578,40
